doi	N_source	solvent	N_amount	MeOH_amount	MeOH/N_ratio	base	base_amount	base_ratio	catalyst	metal	ligand	atmosphere	cat_load	temp	time	yield_PhNHMe	yield_PhN(Me)2	TON	comment	year	success	num_temp_range	label_temp_range	yield
10.1021/ja01589a036	aniline	MeOH	100.0	2465.0	24.65	no base	0.0	0.0	Raney Ni	Ni	no	air		65	3	0	0			2005	False	6	[60,70)	0
10.1246/cl.1988.449	aniline	dioxane	20.0	80.0	4.0	no base	0.0	0.0	RuCl3*nH2O	Ru	6% P(OBu)3	air	2.0	180	15	6	80	43.0		2006	True	18	[180,190)	86
10.1246/cl.1988.449	aniline	dioxane	20.0	80.0	4.0	no base	0.0	0.0	RuCl3*nH2O	Ru	6% P(OiPr)3	air	2.0	180	15	30	46	38.0		2006	True	18	[180,190)	76
10.1246/cl.1988.449	aniline	dioxane	20.0	80.0	4.0	no base	0.0	0.0	RuCl3*nH2O	Ru	6% P(OPh)3	air	2.0	180	15	22	40	31.0		2006	False	18	[180,190)	62
10.1246/cl.1988.449	aniline	dioxane	20.0	80.0	4.0	no base	0.0	0.0	RuCl3*nH2O	Ru	6% P(OEt)3	air	2.0	180	15	23	44	33.5		2006	True	18	[180,190)	67
10.1246/cl.1988.449	aniline	dioxane	20.0	80.0	4.0	no base	0.0	0.0	RuH2(P(OEt)3)4	Ru	no	air	2.0	180	15	34	30	32.0		2006	False	18	[180,190)	64
10.1246/cl.1988.449	aniline	dioxane	20.0	80.0	4.0	no base	0.0	0.0	RuCl3*nH2O	Ru	no	air	2.0	180	15	11	0	5.5		2006	False	18	[180,190)	11
10.1246/cl.1988.449	aniline	dioxane	20.0	80.0	4.0	no base	0.0	0.0	RuCl2(PPh3)3	Ru	no	air	2.0	180	15	23	3	13.0		2006	False	18	[180,190)	26
10.1246/cl.1988.449	aniline	dioxane	20.0	80.0	4.0	no base	0.0	0.0	RuH2(PPh3)4	Ru	no	air	2.0	180	15	3	0	1.5		2006	False	18	[180,190)	3
10.1246/cl.1988.449	aniline	dioxane	20.0	80.0	4.0	no base	0.0	0.0	RuCl3*nH2O	Ru	6% P(Bu)3	air	2.0	180	15	8	0	4.0	p, MPa	2006	False	18	[180,190)	8
10.1039/b905656d	nitroarene	MeOH	9.75	1481.0	151.89743589743588	no base	0.0	0.0	Raney Ni	Ni	no	air		140	25	5	89		2	2009	True	14	[140,150)	94
10.1039/b905656d	nitroarene	MeOH	9.75	1481.0	151.89743589743588	no base	0.0	0.0	Raney Ni	Ni	no	air		150	25	2	92		2	2009	True	15	[150,160)	94
10.1039/b905656d	nitroarene	MeOH	9.75	1481.0	151.89743589743588	no base	0.0	0.0	Raney Ni	Ni	no	air		160	25	3	92		2.5	2009	True	16	[160,170)	95
10.1039/b905656d	nitroarene	MeOH	9.75	1481.0	151.89743589743588	no base	0.0	0.0	Raney Ni	Ni	no	air		170	25	2	94		3	2009	True	17	[170,180)	96
10.1039/b905656d	nitroarene	MeOH	9.75	1481.0	151.89743589743588	no base	0.0	0.0	Raney Ni	Ni	no	air		180	25	2	93		3.5	2009	True	18	[180,190)	95
10.1039/b905656d	nitroarene	MeOH	9.75	1481.0	151.89743589743588	no base	0.0	0.0	Raney Ni	Ni	no	air		190	25	2	91		4.4	2009	True	19	[190,200)	93
10.1039/b905656d	nitroarene	MeOH	9.75	1481.0	151.89743589743588	no base	0.0	0.0	Raney Ni	Ni	no	air		170	25	1	96		3	2009	True	17	[170,180)	97
10.1039/b905656d	nitroarene	MeOH	9.75	1481.0	151.89743589743588	no base	0.0	0.0	Raney Ni	Ni	no	air		170	25	0	97		3	2009	True	17	[170,180)	97
10.1039/b905656d	nitroarene	MeOH	9.75	1481.0	151.89743589743588	no base	0.0	0.0	Raney Ni	Ni	no	air		170	25	0	98		3	2009	True	17	[170,180)	98
10.1039/b905656d	nitroarene	MeOH	9.75	1481.0	151.89743589743588	no base	0.0	0.0	Raney Ni	Ni	no	air		170	25	0	97		3	2009	True	17	[170,180)	97
10.1039/b905656d	nitroarene	MeOH	9.75	1481.0	151.89743589743588	no base	0.0	0.0	Raney Ni	Ni	no	air		170	25	2	94		3	2009	True	17	[170,180)	96
10.1039/b905656d	nitroarene	MeOH	9.75	1481.0	151.89743589743588	no base	0.0	0.0	Raney Ni	Ni	no	air		170	25	4	91		3	2009	True	17	[170,180)	95
10.1039/b905656d	nitroarene	MeOH	9.75	1481.0	151.89743589743588	no base	0.0	0.0	Raney Ni	Ni	no	air		170	25	3	89		3	2009	True	17	[170,180)	92
10.1039/b905656d	nitroarene	MeOH	9.75	1481.0	151.89743589743588	no base	0.0	0.0	Raney Ni	Ni	no	air		170	25	2	89		3	2009	True	17	[170,180)	91
10.1039/b905656d	nitroarene	MeOH	9.75	1481.0	151.89743589743588	no base	0.0	0.0	Raney Ni	Ni	1 ml H2O	air		170	25	1	95		3	2009	True	17	[170,180)	96
10.1039/b905656d	nitroarene	MeOH	19.5	1481.0	75.94871794871794	no base	0.0	0.0	Raney Ni	Ni	2 ml H2O	air		170	25	1	96		3	2009	True	17	[170,180)	97
10.1039/b905656d	nitroarene	MeOH	29.25	1481.0	50.63247863247863	no base	0.0	0.0	Raney Ni	Ni	3 ml H2O	air		170	25	1	93		3	2009	True	17	[170,180)	94
10.1039/b905656d	nitroarene	MeOH	39.0	1481.0	37.97435897435897	no base	0.0	0.0	Raney Ni	Ni	4 ml H2O	air		170	25	3	93		3	2009	True	17	[170,180)	96
10.1039/b905656d	nitroarene	MeOH	43.75	1481.0	33.85142857142857	no base	0.0	0.0	Raney Ni	Ni	5 ml H2O	air		170	25	5	89		3	2009	True	17	[170,180)	94
10.1039/c3sc52676c	aniline	MeOH	1.0	16.0	16.0	no base	0.0	0.0	g CuAlOx	Cu	no	air		160	12	50	5			2013	False	16	[160,170)	55
10.1039/c3sc52676c	aniline	MeOH	1.0	16.0	16.0	no base	0.0	0.0	g CuAlOx	Cu	no	air		160	12	48	3		p CO2 = 3 MPa	2013	False	16	[160,170)	51
10.1039/c3sc52676c	aniline	MeOH	1.0	16.0	16.0	no base	0.0	0.0	g CuAlOx	Cu	no	air		160	12	57	6		p CO2 = 3 Mpa, p H2 = 6 MPa	2013	False	16	[160,170)	63
10.1134/s0965544114060024	aniline	MeOH	0.5	24.7	49.4	MeONa	0.5	1.0	Ru_1	Ru	no	air	1.0	110	6	71	0	71.0		2014	True	11	[110,120)	71
10.1134/s0965544114060024	aniline	MeOH	0.5	24.7	49.4	MeONa	0.5	1.0	Ru_1	Ru	no	air	1.0	110	8	82	0	82.0		2014	True	11	[110,120)	82
10.1134/s0965544114060024	aniline	MeOH	0.5	24.7	49.4	MeONa	0.5	1.0	Ru_1	Ru	no	air	1.0	110	10	91	0	91.0		2014	True	11	[110,120)	91
10.1134/s0965544114060024	aniline	MeOH	0.5	24.7	49.4	MeONa	0.5	1.0	Ru_1	Ru	no	air	0.2	110	12	27	0	135.0		2014	False	11	[110,120)	27
10.1134/s0965544114060024	aniline	MeOH	0.5	24.7	49.4	MeONa	0.5	1.0	Ru_1	Ru	no	air	0.5	110	12	59	0	118.0		2014	False	11	[110,120)	59
10.1134/s0965544114060024	aniline	MeOH	0.5	24.7	49.4	MeONa	0.1	0.2	Ru_1	Ru	no	air	1.0	110	12	43	0	43.0		2014	False	11	[110,120)	43
10.1134/s0965544114060024	aniline	MeOH	0.5	24.7	49.4	MeONa	0.25	0.5	Ru_1	Ru	no	air	1.0	110	12	67	0	67.0		2014	True	11	[110,120)	67
10.1134/s0965544114060024	nitroarene	MeOH	0.5	61.75	123.5	MeONa	0.5	1.0	no		no	air		110	12	0	0			2014	False	11	[110,120)	0
10.1134/s0965544114060024	nitroarene	MeOH	0.5	61.75	123.5	MeONa	0.5	1.0	RuCl2(PPh3)3	Ru	no	air	5.0	110	12	19	0	3.8		2014	False	11	[110,120)	19
10.1134/s0965544114060024	nitroarene	MeOH	0.5	61.75	123.5	MeONa	0.5	1.0	Ru(H)(Cl)(CO)(PPh3)3	Ru	no	air	5.0	110	12	15	0	3.0		2014	False	11	[110,120)	15
10.1134/s0965544114060024	nitroarene	MeOH	0.5	61.75	123.5	MeONa	0.5	1.0	Ru(H)2(CO)(PPh3)3	Ru	no	air	5.0	110	12	6	0	1.2		2014	False	11	[110,120)	6
10.1134/s0965544114060024	nitroarene	MeOH	0.5	61.75	123.5	MeONa	0.5	1.0	[RuCl2(p-cymene)]2	Ru	no	air	5.0	110	12	18	0	3.6		2014	False	11	[110,120)	18
10.1134/s0965544114060024	nitroarene	MeOH	0.5	61.75	123.5	MeONa	0.5	1.0	Ru_1	Ru	no	air	5.0	110	12	98	0	19.6		2014	True	11	[110,120)	98
10.1134/s0965544114060024	nitroarene	MeOH	0.5	61.75	123.5	MeONa	0.5	1.0	Ru_2	Ru	no	air	5.0	110	12	47	0	9.4		2014	False	11	[110,120)	47
10.1134/s0965544114060024	nitroarene	MeOH	0.5	61.75	123.5	MeONa	0.5	1.0	Ru_3	Ru	no	air	5.0	110	12	82	0	16.4		2014	True	11	[110,120)	82
10.1134/s0965544114060024	nitroarene	MeOH	0.5	61.75	123.5	MeONa	0.5	1.0	Ru_4	Ru	no	air	5.0	110	12	62	0	12.4		2014	False	11	[110,120)	62
10.1134/s0965544114060024	nitroarene	MeOH	0.5	61.75	123.5	MeONa	0.5	1.0	Ru_5a	Ru	no	air	5.0	110	12	62	0	12.4		2014	False	11	[110,120)	62
10.1134/s0965544114060024	nitroarene	MeOH	0.5	61.75	123.5	MeONa	0.5	1.0	Ru_5b	Ru	no	air	5.0	110	12	47	0	9.4		2014	False	11	[110,120)	47
10.1134/s0965544114060024	nitroarene	MeOH	0.5	61.75	123.5	MeONa	0.5	1.0	Ru_6a	Ru	no	air	5.0	110	12	38	0	7.6		2014	False	11	[110,120)	38
10.1134/s0965544114060024	nitroarene	MeOH	0.5	61.75	123.5	MeONa	0.5	1.0	Ru_6b	Ru	no	air	5.0	110	12	12	0	2.4		2014	False	11	[110,120)	12
10.1134/s0965544114060024	nitroarene	MeOH	0.5	61.75	123.5	MeONa	0.5	1.0	Ru_7a	Ru	no	air	5.0	110	12	78	0	15.6		2014	True	11	[110,120)	78
10.1134/s0965544114060024	nitroarene	MeOH	0.5	61.75	123.5	MeONa	0.5	1.0	Ru_7b	Ru	no	air	5.0	110	12	76	0	15.2		2014	True	11	[110,120)	76
10.1134/s0965544114060024	nitroarene	MeOH	0.5	61.75	123.5	MeONa	0.5	1.0	Ru_8a	Ru	no	air	5.0	110	12	41	0	8.2		2014	False	11	[110,120)	41
10.1134/s0965544114060024	nitroarene	MeOH	0.5	61.75	123.5	MeONa	0.5	1.0	Ru_8b	Ru	no	air	5.0	110	12	19	0	3.8		2014	False	11	[110,120)	19
10.1134/s0965544114060024	nitroarene	MeOH	0.5	61.75	123.5	MeONa	0.5	1.0	Ru_1	Ru	no	air	0.0	110	12	0	0			2014	False	11	[110,120)	0
10.1134/s0965544114060024	nitroarene	MeOH	0.5	61.75	123.5	MeONa	0.5	1.0	Ru_1	Ru	no	air	1.0	110	12	19	0	19.0		2014	False	11	[110,120)	19
10.1134/s0965544114060024	nitroarene	MeOH	0.5	61.75	123.5	MeONa	0.5	1.0	Ru_1	Ru	no	air	2.0	110	12	31	0	15.5		2014	False	11	[110,120)	31
10.1134/s0965544114060024	nitroarene	MeOH	0.5	61.75	123.5	MeONa	0.5	1.0	Ru_1	Ru	no	air	3.0	110	12	46	0	15.333333333333334		2014	False	11	[110,120)	46
10.1134/s0965544114060024	nitroarene	MeOH	0.5	61.75	123.5	MeONa	0.5	1.0	Ru_1	Ru	no	air	4.0	110	12	65	0	16.25		2014	False	11	[110,120)	65
10.1134/s0965544114060024	nitroarene	MeOH	0.5	61.75	123.5	MeONa	0.5	1.0	Ru_1	Ru	no	air	5.0	110	12	98	0	19.6		2014	True	11	[110,120)	98
10.1134/s0965544114060024	nitroarene	MeOH	0.5	61.75	123.5	MeONa	0.5	1.0	Ru_1	Ru	no	air	2.5	110	24	49	0	19.6		2014	False	11	[110,120)	49
10.1134/s0965544114060024	nitroarene	MeOH	0.5	61.75	123.5	MeONa	0.5	1.0	Ru_1	Ru	no	air	3.0	110	20	66	0	22.0		2014	True	11	[110,120)	66
10.1134/s0965544114060024	nitroarene	MeOH	0.5	61.75	123.5	MeONa	0.5	1.0	Ru_1	Ru	no	air	4.0	110	16	94	0	23.5		2014	True	11	[110,120)	94
10.1134/s0965544114060024	nitroarene	MeOH	0.5	61.75	123.5	MeONa	0.5	1.0	Ru_1	Ru	no	air	1.0	140	12	56	0	56.0		2014	False	14	[140,150)	56
10.1134/s0965544114060024	nitroarene	MeOH	0.5	61.75	123.5	MeONa	0.5	1.0	Ru_1	Ru	no	air	2.0	140	12	91	0	45.5		2014	True	14	[140,150)	91
10.1134/s0965544114060024	nitroarene	MeOH	0.5	61.75	123.5	MeONa	0.5	1.0	Ru_1	Ru	no	air	2.5	140	12	100	0	40.0		2014	True	14	[140,150)	100
10.1134/s0965544114060024	nitroarene	MeOH	0.5	61.75	123.5	Na2CO3	0.5	1.0	Ru_1	Ru	no	air	5.0	110	12	67	0	13.4		2014	True	11	[110,120)	67
10.1134/s0965544114060024	nitroarene	MeOH	0.5	61.75	123.5	K2CO3	0.5	1.0	Ru_1	Ru	no	air	5.0	110	12	57	0	11.4		2014	False	11	[110,120)	57
10.1134/s0965544114060024	nitroarene	MeOH	0.5	61.75	123.5	Cs2CO3	0.5	1.0	Ru_1	Ru	no	air	5.0	110	12	59	0	11.8		2014	False	11	[110,120)	59
10.1134/s0965544114060024	nitroarene	MeOH	0.5	61.75	123.5	iPrONa	0.5	1.0	Ru_1	Ru	no	air	5.0	110	12	75	0	15.0		2014	True	11	[110,120)	75
10.1134/s0965544114060024	nitroarene	MeOH	0.5	61.75	123.5	tBuOK	0.5	1.0	Ru_1	Ru	no	air	5.0	110	12	69	0	13.8		2014	True	11	[110,120)	69
10.1134/s0965544114060024	nitroarene	MeOH	0.5	61.75	123.5	NaOH	0.5	1.0	Ru_1	Ru	no	air	5.0	110	12	87	0	17.4		2014	True	11	[110,120)	87
10.1134/s0965544114060024	nitroarene	MeOH	0.5	61.75	123.5	KOH	0.5	1.0	Ru_1	Ru	no	air	5.0	110	12	74	0	14.8		2014	True	11	[110,120)	74
10.1134/s0965544114060024	nitroarene	MeOH	0.5	61.75	123.5	no base	0.0	0.0	Ru_1	Ru	no	air	5.0	110	12	0	0	0.0		2014	False	11	[110,120)	0
10.1134/s0965544114060024	nitroarene	MeOH	0.5	61.75	123.5	MeONa	0.125	0.25	Ru_1	Ru	no	air	5.0	110	12	77	0	15.4		2014	True	11	[110,120)	77
10.1134/s0965544114060024	nitroarene	MeOH	0.5	61.75	123.5	MeONa	0.25	0.5	Ru_1	Ru	no	air	5.0	110	12	78	0	15.6		2014	True	11	[110,120)	78
10.1134/s0965544114060024	nitroarene	MeOH	0.5	61.75	123.5	MeONa	0.375	0.75	Ru_1	Ru	no	air	5.0	110	12	90	0	18.0		2014	True	11	[110,120)	90
10.1134/s0965544114060024	nitroarene	MeOH	0.5	61.75	123.5	MeONa	0.5	1.0	Ru_1	Ru	no	air	5.0	110	12	98	0	19.6		2014	True	11	[110,120)	98
10.1134/s0965544114060024	nitroarene	MeOH	0.5	61.75	123.5	MeONa	0.625	1.25	Ru_1	Ru	no	air	5.0	110	12	60	0	12.0		2014	False	11	[110,120)	60
10.1134/s0965544114060024	nitroarene	MeOH	0.5	61.75	123.5	MeONa	0.75	1.5	Ru_1	Ru	no	air	5.0	110	12	53	0	10.6		2014	False	11	[110,120)	53
10.1134/s0965544114060024	nitroarene	MeOH	0.5	61.75	123.5	MeONa	0.5	1.0	Ru_1	Ru	no	air	5.0	70	12	1	0	0.2		2014	False	7	[70,80)	1
10.1134/s0965544114060024	nitroarene	MeOH	0.5	61.75	123.5	MeONa	0.5	1.0	Ru_1	Ru	no	air	5.0	80	12	4	0	0.8		2014	False	8	[80,90)	4
10.1134/s0965544114060024	nitroarene	MeOH	0.5	61.75	123.5	MeONa	0.5	1.0	Ru_1	Ru	no	air	5.0	90	12	9	0	1.8		2014	False	9	[90,100)	9
10.1134/s0965544114060024	nitroarene	MeOH	0.5	61.75	123.5	MeONa	0.5	1.0	Ru_1	Ru	no	air	5.0	100	12	43	0	8.6		2014	False	10	[100,110)	43
10.1016/j.jcat.2018.08.008	aniline	MeOH:PhMe 1:1	0.25	12.35	49.4	tBuOK	0.0625	0.25	Re_1	Re	no	N2	5.0	130	48	70	0	14.0		2018	True	13	[130,140)	70
10.1016/j.jcat.2018.08.008	aniline	MeOH:PhMe 1:1	0.25	12.35	49.4	tBuOK	0.0625	0.25	Re_2	Re	no	N2	5.0	130	48	56	0	11.2		2018	False	13	[130,140)	56
10.1016/j.jcat.2018.08.008	aniline	MeOH:PhMe 1:1	0.25	12.35	49.4	tBuOK	0.0625	0.25	Re_3	Re	no	N2	5.0	130	48	75	0	15.0		2018	True	13	[130,140)	75
10.1016/j.jcat.2018.08.008	aniline	MeOH:PhMe 1:1	0.25	12.35	49.4	tBuOK	0.0625	0.25	Re_4	Re	no	N2	5.0	130	48	1	0	0.2		2018	False	13	[130,140)	1
10.1016/j.jcat.2018.08.008	aniline	MeOH:PhMe 1:1	0.25	12.35	49.4	tBuOK	0.0625	0.25	Re_5	Re	no	N2	5.0	130	48	0	0	0.0		2018	False	13	[130,140)	0
10.1016/j.jcat.2018.08.008	aniline	MeOH:PhMe 1:1	0.25	12.35	49.4	tBuOK	0.0625	0.25	Re_6	Re	no	N2	5.0	130	48	0	0	0.0		2018	False	13	[130,140)	0
10.1016/j.jcat.2018.08.008	aniline	MeOH:PhMe 1:1	0.25	12.35	49.4	tBuOK	0.0625	0.25	Re(CO)5Br	Re	no	N2	5.0	130	48	0	0	0.0		2018	False	13	[130,140)	0
10.1016/j.jcat.2018.08.008	aniline	MeOH:PhMe 1:1	0.25	12.35	49.4	tBuOK	0.025	0.1	Re_3	Re	no	N2	1.0	140	48	87	0	87.0		2018	True	14	[140,150)	87
10.1016/j.jcat.2018.08.008	aniline	MeOH	0.5	49.4	98.8	tBuOK	0.05	0.1	Re_3	Re	no	N2	1.0	140	48	85	0	85.0		2018	True	14	[140,150)	85
10.1016/j.jcat.2018.08.008	aniline	MeOH	0.5	49.4	98.8	KOH	0.05	0.1	Re_3	Re	no	N2	1.0	140	48	47	0	47.0		2018	False	14	[140,150)	47
10.1016/j.jcat.2018.08.008	aniline	MeOH	0.5	49.4	98.8	K2CO3	0.05	0.1	Re_3	Re	no	N2	1.0	140	48	72	0	72.0		2018	True	14	[140,150)	72
10.1016/j.jcat.2018.08.008	aniline	MeOH	0.5	49.4	98.8	Cs2CO3	0.05	0.1	Re_3	Re	no	N2	1.0	140	48	96	0	96.0		2018	True	14	[140,150)	96
10.1016/j.jcat.2018.08.008	aniline	MeOH	0.5	49.4	98.8	no base	0.0	0.0	Re_3	Re	no	N2	1.0	140	48	0	0	0.0		2018	False	14	[140,150)	0
10.1016/j.jcat.2018.08.008	aniline	MeOH	0.5	49.4	98.8	Cs2CO3	0.05	0.1	no		no	N2		140	48	1	0			2018	False	14	[140,150)	1
10.1016/j.jcat.2018.08.008	aniline	MeOH	0.5	49.4	98.8	Cs2CO3	0.025	0.05	Re_3	Re	no	N2	1.0	140	48	97	0	97.0		2018	True	14	[140,150)	97
10.1016/j.jcat.2018.08.008	aniline	MeOH	0.5	49.4	98.8	Cs2CO3	0.025	0.05	Re_3	Re	no	N2	0.5	140	48	96	0	192.0		2018	True	14	[140,150)	96
10.1016/j.jcat.2018.08.008	aniline	MeOH	0.5	49.4	98.8	Cs2CO3	0.005	0.01	Re_3	Re	no	N2	0.5	140	48	32	0	64.0		2018	False	14	[140,150)	32
10.1021/acs.joc.2c02657	nitroarene	MeOH	0.5	24.7	49.4	NaOH	2.0	4.0	Pt/C	Pt	no	N2	2.0	150	48	48	0	24.0		2023	False	15	[150,160)	48
10.1002/ajoc.201900140	aniline	MeOH	2.0	370.5	185.25	tBuOK	2.0	1.0	no		no	Air		170	24	0	0			2019	False	17	[170,180)	0
10.1002/ajoc.201900140	aniline	MeOH	2.0	370.5	185.25	no base	0.0	0.0	Ir@YSMCNs	Ir	no	Air	0.5	170	24	0	0	0.0		2019	False	17	[170,180)	0
10.1002/ajoc.201900140	aniline	MeOH	2.0	370.5	185.25	tBuOK	2.0	1.0	Ir@YSMCNs	Ir	no	Air	0.5	170	24	89	0	178.0		2019	True	17	[170,180)	89
10.1002/ajoc.201900140	aniline	MeOH	2.0	370.5	185.25	tBuOK	2.0	1.0	Ir@YSMCNs	Ir	no	Air	0.5	170	30	98	0	196.0		2019	True	17	[170,180)	98
10.1002/ajoc.201900140	aniline	MeOH	2.0	370.5	185.25	tBuOK	2.0	1.0	Ir@YSMCNs	Ir	no	Air	0.25	170	24	71	0	284.0		2019	True	17	[170,180)	71
10.1002/ajoc.201900140	aniline	MeOH	2.0	370.5	185.25	tBuOK	1.0	0.5	Ir@YSMCNs	Ir	no	Air	0.5	170	24	85	0	170.0		2019	True	17	[170,180)	85
10.1002/ajoc.201900140	aniline	MeOH	2.0	370.5	185.25	tBuOK	2.0	1.0	Ir@YSMCNs	Ir	no	Air	0.5	130	24	28	0	56.0		2019	False	13	[130,140)	28
10.1002/ajoc.201900140	aniline	MeOH	2.0	370.5	185.25	tBuOK	2.0	1.0	Ir@YSMCNs	Ir	no	Air	0.5	150	24	58	0	116.0		2019	False	15	[150,160)	58
10.1002/ajoc.201900140	aniline	MeOH	2.0	370.5	185.25	tBuOK	2.0	1.0	Ir@YSMCNs	Ir	no	Air	0.25	170	24	61	0	244.0		2019	False	17	[170,180)	61
10.1002/ajoc.201900140	aniline	MeOH	2.0	370.5	185.25	KOH	2.0	1.0	Ir@YSMCNs	Ir	no	Air	0.5	170	24	84	0	168.0		2019	True	17	[170,180)	84
10.1002/ajoc.201900140	nitroarene	MeOH	2.0	370.5	185.25	tBuOK	2.0	1.0	Ir@YSMCNs	Ir	no	Air	0.5	170	30	25	2	54.0		2019	False	17	[170,180)	27
10.1002/ajoc.201900140	nitroarene	MeOH	2.0	370.5	185.25	tBuOK	2.0	1.0	Ir@YSMCNs	Ir	no	Air	1.0	170	30	60	4	64.0		2019	False	17	[170,180)	64
10.1002/ajoc.201900140	nitroarene	MeOH	2.0	370.5	185.25	tBuOK	2.0	1.0	Ir@YSMCNs	Ir	no	Air	0.5	190	30	64	6	140.0		2019	True	19	[190,200)	70
10.1002/ajoc.201900140	nitroarene	MeOH	2.0	370.5	185.25	tBuOK	2.0	1.0	Ir@YSMCNs	Ir	no	Air	0.5	170	48	56	3	118.0		2019	False	17	[170,180)	59
10.1002/ajoc.201900140	nitroarene	MeOH	2.0	370.5	185.25	tBuOK	2.0	1.0	Ir@YSMCNs	Ir	no	Air	1.5	170	30	97	3	66.66666666666667		2019	True	17	[170,180)	100
10.1016/j.jcat.2021.02.030	aniline	MeOH	1.0	37.05	37.05	Cs2CO3	1.0	1.0	Cp*Ir@CTF	Ir	no	Air	0.5	125	12	95	0	190.0		2021	True	12	[120,130)	95
10.1016/j.jcat.2021.02.030	aniline	MeOH	1.0	37.05	37.05	K2CO3	1.0	1.0	Cp*Ir@CTF	Ir	no	Air	0.5	125	12	74	0	148.0		2021	True	12	[120,130)	74
10.1016/j.jcat.2021.02.030	aniline	MeOH	1.0	37.05	37.05	Na2CO3	1.0	1.0	Cp*Ir@CTF	Ir	no	Air	0.5	125	12	69	0	138.0		2021	True	12	[120,130)	69
10.1016/j.jcat.2021.02.030	aniline	MeOH	1.0	37.05	37.05	Cs2CO3	1.0	0.5	Cp*Ir@CTF	Ir	no	Air	0.5	125	12	57	0	114.0		2021	False	12	[120,130)	57
10.1016/j.jcat.2021.02.030	aniline	MeOH	1.0	37.05	37.05	Cs2CO3	1.0	1.0	Cp*Ir@CTF	Ir	no	Air	0.5	115	12	68	0	136.0		2021	True	11	[110,120)	68
10.1016/j.jcat.2021.02.030	aniline	MeOH	1.0	37.05	37.05	Cs2CO3	1.0	1.0	Cp*Ir@CTF	Ir	no	Air	0.5	105	12	42	0	84.0		2021	False	10	[100,110)	42
10.1016/j.jcat.2021.02.030	aniline	MeOH	1.0	37.05	37.05	no base	0.0	0.0	Cp*Ir@CTF	Ir	no	Air	0.5	125	12	0	0	0.0		2021	False	12	[120,130)	0
10.1016/j.jcat.2021.02.030	aniline	MeOH	1.0	37.05	37.05	Cs2CO3	1.0	1.0	no		no	Air		125	12	0	0			2021	False	12	[120,130)	0
10.1016/j.jcat.2021.02.030	 benzenesulfonamide 	MeOH	1.0	37.05	37.05	Cs2CO3	1.0	1.0	Cp*Ir@CTF	Ir	no	Air	0.5	125	12	90	0	180.0		2021	True	12	[120,130)	90
10.1021/acs.joc.1c01185	aniline	MeOH	1.0	24.7	24.7	KOH	0.5	0.5	Ru_9	Ru	no	Air	1.0	135	48	50	0	50.0		2021	False	13	[130,140)	50
10.1021/acs.joc.1c01185	aniline	MeOH	1.0	24.7	24.7	KOH	1.0	1.0	Ru_9	Ru	no	Air	1.0	135	48	70	0	70.0		2021	True	13	[130,140)	70
10.1021/acs.joc.1c01185	aniline	MeOH	1.0	24.7	24.7	KOH	2.0	2.0	Ru_9	Ru	no	Air	1.0	135	48	95	0	95.0		2021	True	13	[130,140)	95
10.1021/acs.joc.1c01185	aniline	MeOH	1.0	24.7	24.7	tBuOK	1.0	1.0	Ru_9	Ru	no	Air	1.0	135	48	96	0	96.0		2021	True	13	[130,140)	96
10.1021/acs.joc.1c01185	aniline	MeOH	1.0	24.7	24.7	tBuOK	1.0	1.0	Ru_9	Ru	no	Air	1.0	135	36	95	0	95.0		2021	True	13	[130,140)	95
10.1021/acs.joc.1c01185	aniline	MeOH	1.0	24.7	24.7	tBuOK	0.5	0.5	Ru_9	Ru	no	Air	1.0	135	48	40	0	40.0		2021	False	13	[130,140)	40
10.1021/acs.joc.1c01185	aniline	MeOH	1.0	24.7	24.7	tBuOK	1.0	1.0	Ru_9	Ru	no	Air	1.0	135	24	62	0	62.0		2021	False	13	[130,140)	62
10.1021/acs.joc.1c01185	aniline	MeOH	1.0	24.7	24.7	tBuONa	1.0	1.0	Ru_9	Ru	no	Air	1.0	135	36	65	0	65.0		2021	False	13	[130,140)	65
10.1021/acs.joc.1c01185	aniline	MeOH	1.0	24.7	24.7	K2CO3	1.0	1.0	Ru_9	Ru	no	Air	1.0	135	36	0	0	0.0		2021	False	13	[130,140)	0
10.1021/acs.joc.1c01185	aniline	MeOH	1.0	24.7	24.7	Na2CO3	1.0	1.0	Ru_9	Ru	no	Air	1.0	135	36	0	0	0.0		2021	False	13	[130,140)	0
10.1021/acs.joc.1c01185	aniline	MeOH	1.0	24.7	24.7	tBuOK	1.0	1.0	Ru_9	Ru	no	Air	0.5	135	48	55	0	110.0		2021	False	13	[130,140)	55
10.1021/acs.orglett.2c03595	nitroarene	PhMe	1.0	6.18	6.18	Cs2CO3	0.5	0.5	MnBr(CO)5	Mn	3 mol% bis(2-(diphenylphosphaneyl)ethyl)amine	Ar	3.0	120	24	23	0	7.666666666666667		2022	False	12	[120,130)	23
10.1021/acs.orglett.2c03595	nitroarene	PhMe	1.0	6.18	6.18	Cs2CO3	0.5	0.5	MnBr(CO)5	Mn	3 mol% bis(2-(diphenylphosphaneyl)ethyl)amine	Ar	3.0	140	24	71	0	23.666666666666668		2022	True	14	[140,150)	71
10.1021/acs.orglett.2c03595	nitroarene	PhMe	1.0	6.18	6.18	Cs2CO3	0.5	0.5	MnBr(CO)5	Mn	3 mol% bis(2-(diphenylphosphaneyl)ethyl)amine	Ar	3.0	145	24	80	0	26.666666666666668		2022	True	14	[140,150)	80
10.1021/acs.orglett.2c03595	nitroarene	PhMe	1.0	6.18	6.18	Cs2CO3	0.5	0.5	MnBr(CO)5	Mn	3 mol% bis(2-(diphenylphosphaneyl)ethyl)amine	Ar	3.0	150	24	94	0	31.33333333333333		2022	True	15	[150,160)	94
10.1021/acs.orglett.2c03595	nitroarene	PhMe	1.0	6.18	6.18	Cs2CO3	0.5	0.5	MnBr(CO)5	Mn	3 mol% bis(2-(diphenylphosphaneyl)ethyl)amine	Ar	3.0	150	12	43	0	14.333333333333334		2022	False	15	[150,160)	43
10.1021/acs.orglett.2c03595	nitroarene	PhMe	1.0	6.18	6.18	Cs2CO3	0.5	0.5	MnBr(CO)5	Mn	3 mol% bis(2-(diphenylphosphaneyl)ethyl)amine	Ar	3.0	150	20	70	0	23.33333333333333		2022	True	15	[150,160)	70
10.1021/acs.orglett.2c03595	nitroarene	PhMe	1.0	6.18	6.18	Cs2CO3	0.5	0.5	MnBr(CO)5	Mn	3 mol% bis(2-(diphenylphosphaneyl)ethyl)amine	Ar	3.0	150	24	85	0	28.33333333333333		2022	True	15	[150,160)	85
10.1021/acs.orglett.2c03595	nitroarene	PhMe	1.0	6.18	6.18	Cs2CO3	0.5	0.5	MnBr(CO)5	Mn	3 mol% bis(2-(diphenylphosphaneyl)ethyl)amine	Ar	3.0	150	30	85	0	28.33333333333333		2022	True	15	[150,160)	85
10.1021/acs.orglett.2c03595	nitroarene	PhMe	1.0	6.18	6.18	Na2CO3	0.5	0.5	MnBr(CO)5	Mn	3 mol% bis(2-(diphenylphosphaneyl)ethyl)amine	Ar	3.0	150	24	25	0	8.333333333333334		2022	False	15	[150,160)	25
10.1021/acs.orglett.2c03595	nitroarene	PhMe	1.0	6.18	6.18	K2CO3	0.5	0.5	MnBr(CO)5	Mn	3 mol% bis(2-(diphenylphosphaneyl)ethyl)amine	Ar	3.0	150	24	10	0	3.333333333333333		2022	False	15	[150,160)	10
10.1021/acs.orglett.2c03595	nitroarene	PhMe	1.0	6.18	6.18	tBuOK	0.5	0.5	MnBr(CO)5	Mn	3 mol% bis(2-(diphenylphosphaneyl)ethyl)amine	Ar	3.0	150	24	28	0	9.333333333333334		2022	False	15	[150,160)	28
10.1021/acs.orglett.2c03595	nitroarene	PhMe	1.0	6.18	6.18	tBuOLi	0.5	0.5	MnBr(CO)5	Mn	3 mol% bis(2-(diphenylphosphaneyl)ethyl)amine	Ar	3.0	150	24	39	0	13.0		2022	False	15	[150,160)	39
10.1021/acs.orglett.2c03595	nitroarene	PhMe	1.0	6.18	6.18	tBuONa	0.5	0.5	MnBr(CO)5	Mn	3 mol% bis(2-(diphenylphosphaneyl)ethyl)amine	Ar	3.0	150	24	19	0	6.333333333333333		2022	False	15	[150,160)	19
10.1021/acs.orglett.2c03595	nitroarene	PhMe	1.0	6.18	6.18	KHMDS	0.5	0.5	MnBr(CO)5	Mn	3 mol% bis(2-(diphenylphosphaneyl)ethyl)amine	Ar	3.0	150	24	5	0	1.6666666666666667		2022	False	15	[150,160)	5
10.1021/acs.orglett.2c03595	nitroarene	PhMe	1.0	6.18	6.18	MeONa	0.5	0.5	MnBr(CO)5	Mn	3 mol% bis(2-(diphenylphosphaneyl)ethyl)amine	Ar	3.0	150	24	10	0	3.333333333333333		2022	False	15	[150,160)	10
10.1021/acs.orglett.2c03595	nitroarene	PhMe	1.0	6.18	6.18	KOH	0.5	0.5	MnBr(CO)5	Mn	3 mol% bis(2-(diphenylphosphaneyl)ethyl)amine	Ar	3.0	150	24	10	0	3.333333333333333		2022	False	15	[150,160)	10
10.1021/acs.orglett.2c03595	nitroarene	PhMe	1.0	6.18	6.18	Cs2CO3	0.5	0.5	MnBr(CO)5	Mn	3 mol% bis(2-(diphenylphosphaneyl)ethyl)amine	Ar	3.0	150	24	98	0	32.666666666666664		2022	True	15	[150,160)	98
10.1021/acs.orglett.2c03595	nitroarene	PhMe	1.0	6.18	6.18	no base	0.0	0.0	MnBr(CO)5	Mn	3 mol% bis(2-(diphenylphosphaneyl)ethyl)amine	Ar	3.0	150	24	0	0	0.0		2022	False	15	[150,160)	0
10.1021/acs.orglett.2c03595	nitroarene	octane	1.0	6.18	6.18	Cs2CO3	0.5	0.5	MnBr(CO)5	Mn	3 mol% bis(2-(diphenylphosphaneyl)ethyl)amine	Ar	3.0	150	24	78	0	26.0		2022	True	15	[150,160)	78
10.1021/acs.orglett.2c03595	nitroarene	decane	1.0	6.18	6.18	Cs2CO3	0.5	0.5	MnBr(CO)5	Mn	3 mol% bis(2-(diphenylphosphaneyl)ethyl)amine	Ar	3.0	150	24	80	0	26.666666666666668		2022	True	15	[150,160)	80
10.1021/acs.orglett.2c03595	nitroarene	THF	1.0	6.18	6.18	Cs2CO3	0.5	0.5	MnBr(CO)5	Mn	3 mol% bis(2-(diphenylphosphaneyl)ethyl)amine	Ar	3.0	150	24	10	0	3.333333333333333		2022	False	15	[150,160)	10
10.1021/acs.orglett.2c03595	nitroarene	PhMe	1.0	6.18	6.18	Cs2CO3	0.5	0.5	MnBr(CO)5	Mn	3 mol% bis(2-(diphenylphosphaneyl)ethyl)amine	Ar	3.0	150	24	98	0	32.666666666666664		2022	True	15	[150,160)	98
10.1021/acs.orglett.2c03595	nitroarene	m-xylene	1.0	6.18	6.18	Cs2CO3	0.5	0.5	MnBr(CO)5	Mn	3 mol% bis(2-(diphenylphosphaneyl)ethyl)amine	Ar	3.0	150	24	10	0	3.333333333333333		2022	False	15	[150,160)	10
10.1021/acs.orglett.2c03595	nitroarene	dioxane	1.0	6.18	6.18	Cs2CO3	0.5	0.5	MnBr(CO)5	Mn	3 mol% bis(2-(diphenylphosphaneyl)ethyl)amine	Ar	3.0	150	24	15	0	5.0		2022	False	15	[150,160)	15
10.1021/acs.orglett.2c03595	nitroarene	octane:decane 1:1	1.0	6.18	6.18	Cs2CO3	0.5	0.5	MnBr(CO)5	Mn	3 mol% bis(2-(diphenylphosphaneyl)ethyl)amine	Ar	3.0	150	24	79	0	26.33333333333333		2022	True	15	[150,160)	79
10.1021/acs.orglett.2c03595	nitroarene	PhMe	1.0	6.18	6.18	Cs2CO3	0.1	0.1	MnBr(CO)5	Mn	3 mol% bis(2-(diphenylphosphaneyl)ethyl)amine	Ar	3.0	150	24	27	0	9.0		2022	False	15	[150,160)	27
10.1021/acs.orglett.2c03595	nitroarene	PhMe	1.0	6.18	6.18	Cs2CO3	0.25	0.25	MnBr(CO)5	Mn	3 mol% bis(2-(diphenylphosphaneyl)ethyl)amine	Ar	3.0	150	24	60	0	20.0		2022	False	15	[150,160)	60
10.1021/acs.orglett.2c03595	nitroarene	PhMe	1.0	6.18	6.18	Cs2CO3	0.5	0.5	MnBr(CO)5	Mn	3 mol% bis(2-(diphenylphosphaneyl)ethyl)amine	Ar	3.0	150	24	83	0	27.666666666666668		2022	True	15	[150,160)	83
10.1021/acs.orglett.2c03595	nitroarene	PhMe	1.0	6.18	6.18	Cs2CO3	0.6	0.6	MnBr(CO)5	Mn	3 mol% bis(2-(diphenylphosphaneyl)ethyl)amine	Ar	3.0	150	24	84	0	28.0		2022	True	15	[150,160)	84
10.1021/acs.orglett.2c03595	nitroarene	PhMe	1.0	6.18	6.18	Cs2CO3	0.5	0.5	MnCp*(CO)3	Mn	3 mol% bis(2-(diphenylphosphaneyl)ethyl)amine	Ar	3.0	150	24	0	0	0.0		2022	False	15	[150,160)	0
10.1021/acs.orglett.2c03595	nitroarene	PhMe	1.0	6.18	6.18	Cs2CO3	0.5	0.5	MnCl2	Mn	3 mol% bis(2-(diphenylphosphaneyl)ethyl)amine	Ar	3.0	150	24	0	0	0.0		2022	False	15	[150,160)	0
10.1021/acs.orglett.2c03595	nitroarene	PhMe	1.0	6.18	6.18	Cs2CO3	0.5	0.5	Manganese(II) phthalocyanine	Mn	3 mol% bis(2-(diphenylphosphaneyl)ethyl)amine	Ar	3.0	150	24	0	0	0.0		2022	False	15	[150,160)	0
10.1021/acs.orglett.2c03595	nitroarene	PhMe	1.0	6.18	6.18	Cs2CO3	0.5	0.5	Mn(OAc)2	Mn	3 mol% bis(2-(diphenylphosphaneyl)ethyl)amine	Ar	3.0	150	24	0	0	0.0		2022	False	15	[150,160)	0
10.1021/acs.orglett.2c03595	nitroarene	PhMe	1.0	6.18	6.18	Cs2CO3	0.5	0.5	NiCl2	Mn	3 mol% bis(2-(diphenylphosphaneyl)ethyl)amine	Ar	3.0	150	24	0	0	0.0		2022	False	15	[150,160)	0
10.1021/acs.orglett.2c03595	nitroarene	PhMe	1.0	6.18	6.18	Cs2CO3	0.5	0.5	CoCl2	Mn	3 mol% bis(2-(diphenylphosphaneyl)ethyl)amine	Ar	3.0	150	24	0	0	0.0		2022	False	15	[150,160)	0
10.1021/acs.orglett.2c03595	nitroarene	PhMe	1.0	6.18	6.18	Cs2CO3	0.5	0.5	MnBr(CO)5	Mn	3 mol% bis(2-(diphenylphosphaneyl)ethyl)amine	Ar	10.0	150	24	86	0	8.6		2022	True	15	[150,160)	86
10.1021/acs.orglett.2c03595	nitroarene	PhMe	1.0	6.18	6.18	Cs2CO3	0.5	0.5	MnBr(CO)5	Mn	3 mol% bis(2-(diphenylphosphaneyl)ethyl)amine	Ar	5.0	150	24	88	0	17.6		2022	True	15	[150,160)	88
10.1021/acs.orglett.2c03595	nitroarene	PhMe	1.0	6.18	6.18	Cs2CO3	0.5	0.5	MnBr(CO)5	Mn	3 mol% bis(2-(diphenylphosphaneyl)ethyl)amine	Ar	2.5	150	24	84	0	33.6		2022	True	15	[150,160)	84
10.1021/acs.orglett.2c03595	nitroarene	PhMe	1.0	6.18	6.18	Cs2CO3	0.5	0.5	MnBr(CO)5	Mn	3 mol% bis(2-(diphenylphosphaneyl)ethyl)amine	Ar	3.0	150	24	88	0	29.33333333333333		2022	True	15	[150,160)	88
10.1021/acs.orglett.2c03595	nitroarene	PhMe	1.0	6.18	6.18	Cs2CO3	0.5	0.5	MnBr(CO)5	Mn	3 mol% bis(2-(diphenylphosphaneyl)ethyl)amine	Ar	2.0	150	24	70	0	35.0		2022	True	15	[150,160)	70
10.1039/c7qo01061c	aniline	MeOH	0.8	24.7	30.875	MeONa	0.8	1.0	Ru_10	Ru	no	Ar	1.0	110	15	95	0	95.0		2018	True	11	[110,120)	95
10.1021/acs.orglett.8b01449	aniline	MeOH	2.0	88.92	44.46	NaOH	0.4	0.2	RuH(CO)Cl(bis(2-(diphenylphosphaneyl)ethyl)amine)	Ru	no	Ar	1.0	150	5	14	0	14.0		2018	False	15	[150,160)	14
10.1021/acs.orglett.8b01449	aniline	MeOH	2.0	88.92	44.46	MeOLi	0.4	0.2	RuH(CO)Cl(bis(2-(diphenylphosphaneyl)ethyl)amine)	Ru	no	Ar	1.0	150	5	34	0	34.0		2018	False	15	[150,160)	34
10.1021/acs.orglett.8b01449	aniline	MeOH	2.0	88.92	44.46	MeONa	0.4	0.2	RuH(CO)Cl(bis(2-(diphenylphosphaneyl)ethyl)amine)	Ru	no	Ar	1.0	150	5	52	0	52.0		2018	False	15	[150,160)	52
10.1021/acs.orglett.8b01449	aniline	MeOH	2.0	88.92	44.46	MeOK	0.4	0.2	RuH(CO)Cl(bis(2-(diphenylphosphaneyl)ethyl)amine)	Ru	no	Ar	1.0	150	5	54	0	54.0		2018	False	15	[150,160)	54
10.1021/acs.orglett.8b01449	aniline	MeOH	2.0	88.92	44.46	tBuOLi	0.4	0.2	RuH(CO)Cl(bis(2-(diphenylphosphaneyl)ethyl)amine)	Ru	no	Ar	1.0	150	5	35	0	35.0		2018	False	15	[150,160)	35
10.1021/acs.orglett.8b01449	aniline	MeOH	2.0	88.92	44.46	tBuONa	0.4	0.2	RuH(CO)Cl(bis(2-(diphenylphosphaneyl)ethyl)amine)	Ru	no	Ar	1.0	150	5	89	0	89.0		2018	True	15	[150,160)	89
10.1021/acs.orglett.8b01449	aniline	MeOH	2.0	88.92	44.46	tBuOK	0.4	0.2	RuH(CO)Cl(bis(2-(diphenylphosphaneyl)ethyl)amine)	Ru	no	Ar	1.0	150	5	96	0	96.0		2018	True	15	[150,160)	96
10.1021/acs.orglett.8b01449	aniline	MeOH	2.0	88.92	44.46	tBuOK	0.2	0.1	RuH(CO)Cl(bis(2-(diphenylphosphaneyl)ethyl)amine)	Ru	no	Ar	1.0	150	5	78	0	78.0		2018	True	15	[150,160)	78
10.1021/acs.orglett.8b01449	aniline	MeOH	2.0	88.92	44.46	tBuOK	0.4	0.2	RuH(CO)Cl(bis(2-(diphenylphosphaneyl)ethyl)amine)	Ru	no	Ar	1.0	140	5	77	0	77.0		2018	True	14	[140,150)	77
10.1021/acs.orglett.8b01449	aniline	MeOH	2.0	88.92	44.46	tBuOK	0.4	0.2	RuH(CO)Cl(bis(2-(diphenylphosphaneyl)ethyl)amine)	Ru	no	Ar	1.0	130	5	44	0	44.0		2018	False	13	[130,140)	44
10.1021/acs.orglett.8b01449	aniline	MeOH	2.0	88.92	44.46	tBuOK	0.4	0.2	RuCl2(PPh3)3	Ru	no	Ar	1.0	150	5	1	0	1.0		2018	False	15	[150,160)	1
10.1021/acs.orglett.8b01449	aniline	MeOH	2.0	88.92	44.46	tBuOK	0.4	0.2	RuH(CO)Cl(PPh3)3	Ru	no	Ar	1.0	150	5	1	0	1.0		2018	False	15	[150,160)	1
10.1021/acs.orglett.8b01449	aniline	MeOH	2.0	88.92	44.46	tBuOK	0.4	0.2	[RuCl2(bis(2-(diphenylphosphaneyl)ethyl)amine)]2	Ru	no	Ar	1.0	150	5	48	0	48.0		2018	False	15	[150,160)	48
10.1021/acs.orglett.8b01449	aniline	MeOH	2.0	88.92	44.46	tBuOK	0.4	0.2	RuH(CO)Cl(bis(2-(diphenylphosphaneyl)ethyl)ethylamine)	Ru	no	Ar	1.0	150	5	52	0	52.0		2018	False	15	[150,160)	52
10.1002/anie.201814146	nitroarene	MeOH	1.0	37.0	37.0	KOH	1.05	1.05	Pd(OAc)2	Pd	4 mol% L1	Ar	1.0	80	5	83	0	83.0		2019	True	8	[80,90)	83
10.1002/anie.201814146	nitroarene	MeOH	1.0	37.0	37.0	KOH	1.0	1.0	Pd(OAc)2	Pd	4 mol% L1	Ar	1.0	80	5	81	0	81.0		2019	True	8	[80,90)	81
10.1002/anie.201814146	nitroarene	MeOH	1.0	37.0	37.0	KOH	1.1	1.1	Pd(OAc)2	Pd	4 mol% L1	Ar	1.0	80	5	80	0	80.0		2019	True	8	[80,90)	80
10.1002/anie.201814146	nitroarene	MeOH	1.0	37.0	37.0	KOH	1.5	1.5	Pd(OAc)2	Pd	4 mol% L1	Ar	1.0	80	5	74	0	74.0		2019	True	8	[80,90)	74
10.1002/anie.201814146	nitroarene	MeOH	1.0	37.0	37.0	KOH	0.5	0.5	Pd(OAc)2	Pd	4 mol% L1	Ar	1.0	80	5	41	0	41.0		2019	False	8	[80,90)	41
10.1002/anie.201814146	nitroarene	MeOH	1.0	37.0	37.0	K3PO4	1.5	1.5	Pd(OAc)2	Pd	4 mol% L1	Ar	1.0	80	5	80	0	80.0		2019	True	8	[80,90)	80
10.1002/anie.201814146	nitroarene	MeOH	1.0	37.0	37.0	K3PO4	1.0	1.0	Pd(OAc)2	Pd	4 mol% L1	Ar	1.0	80	5	62	0	62.0		2019	False	8	[80,90)	62
10.1002/anie.201814146	nitroarene	MeOH	1.0	37.0	37.0	K3PO4	0.5	0.5	Pd(OAc)2	Pd	4 mol% L1	Ar	1.0	80	5	32	0	32.0		2019	False	8	[80,90)	32
10.1002/anie.201814146	nitroarene	MeOH	1.0	37.0	37.0	tBuONa	1.05	1.05	Pd(OAc)2	Pd	4 mol% L1	Ar	1.0	80	5	50	0	50.0		2019	False	8	[80,90)	50
10.1002/anie.201814146	nitroarene	MeOH	1.0	37.0	37.0	K2CO3	1.05	1.05	Pd(OAc)2	Pd	4 mol% L1	Ar	1.0	80	5	47	0	47.0		2019	False	8	[80,90)	47
10.1002/anie.201814146	nitroarene	MeOH	1.0	37.0	37.0	CsOH	1.05	1.05	Pd(OAc)2	Pd	4 mol% L1	Ar	1.0	80	5	72	0	72.0		2019	True	8	[80,90)	72
10.1002/anie.201814146	nitroarene	MeOH	1.0	37.0	37.0	TMEDA	1.05	1.05	Pd(OAc)2	Pd	4 mol% L1	Ar	1.0	80	5	0	0	0.0		2019	False	8	[80,90)	0
10.1002/anie.201814146	nitroarene	MeOH	1.0	37.0	37.0	Et3N	1.05	1.05	Pd(OAc)2	Pd	4 mol% L1	Ar	1.0	80	5	0	0	0.0		2019	False	8	[80,90)	0
10.1002/anie.201814146	nitroarene	MeOH	1.0	37.0	37.0	no base	1.05	1.05	Pd(OAc)2	Pd	4 mol% L1	Ar		80	5	0	0			2019	False	8	[80,90)	0
10.1002/anie.201814146	nitroarene	MeOH	1.0	37.0	37.0	KOH	1.05	1.05	Pd(OAc)2	Pd	2 mol% L1	Ar	0.5	80	5	40	0	80.0		2019	False	8	[80,90)	40
10.1002/anie.201814146	nitroarene	MeOH	1.0	37.0	37.0	KOH	1.05	1.05	Pd(OAc)2	Pd	no	Ar	1.0	80	5	29	0	29.0		2019	False	8	[80,90)	29
10.1002/anie.201814146	nitroarene	MeOH	1.0	37.0	37.0	KOH	1.05	1.05	Pd(OAc)2	Pd	4 mol% L1	Ar	1.0	80	5	0	0	0.0		2019	False	8	[80,90)	0
10.1002/anie.201814146	nitroarene	MeOH	1.0	37.0	37.0	KOH	1.05	1.05	Pd(OAc)2	Pd	4 mol% L1	Ar	2.0	80	5	85	0	42.5		2019	True	8	[80,90)	85
10.1002/anie.201814146	nitroarene	MeOH	1.0	74.0	74.0	KOH	1.05	1.05	Pd(OAc)2	Pd	4 mol% L1	Ar	1.0	80	5	39	0	39.0		2019	False	8	[80,90)	39
10.1002/anie.201814146	nitroarene	MeOH	1.0	74.0	74.0	KOH	1.05	1.05	Pd(OAc)2	Pd	4 mol% L1	Ar	1.0	80	12	62	0	62.0		2019	False	8	[80,90)	62
10.1002/anie.201814146	nitroarene	MeOH	1.0	37.0	37.0	KOH	1.05	1.05	Pd(OAc)2	Pd	4 mol% L1	Ar	1.0	110	5	82	0	82.0		2019	True	11	[110,120)	82
10.1002/anie.201814146	nitroarene	MeOH	1.0	37.0	37.0	KOH	1.05	1.05	Pd(OAc)2	Pd	4 mol% L1	Ar	1.0	60	5	31	0	31.0		2019	False	6	[60,70)	31
10.1002/anie.201814146	nitroarene	MeOH	1.0	37.0	37.0	KOH	1.05	1.05	Pd(OAc)2	Pd	4 mol% L1	Ar	1.0	110	1	85	0	85.0		2019	True	11	[110,120)	85
10.1002/anie.201814146	nitroarene	MeOH	1.0	37.0	37.0	KOH	1.05	1.05	Pd(OAc)2	Pd	4% PPh3	Ar	1.0	110	5	0	0	0.0		2019	False	11	[110,120)	0
10.1002/anie.201814146	nitroarene	MeOH	1.0	37.0	37.0	KOH	1.05	1.05	Pd/C	Pd	4 mol% L1	Ar	1.0	110	5	0	0	0.0		2019	False	11	[110,120)	0
10.1002/cctc.202001937	nitroarene	MeOH	0.5	74.1	148.2	tBuOK	1.0	2.0	 RuCl3*xH2O	Ru	no	Air	5.0	130	24	85	0	17.0		2021	True	13	[130,140)	85
10.1039/d0cy02210a	aniline	MeOH	1.0	37.05	37.05	tBuOK	0.1	0.1	Ru_11	Ru	no	Air	2.0	70	22	98	0	49.0		2021	True	7	[70,80)	98
10.1039/d0cy02210a	aniline	MeOH	1.0	37.05	37.05	tBuOK	0.1	0.1	Ru_11	Ru	no	Air	2.0	70	22	91	0	45.5		2021	True	7	[70,80)	91
10.1039/d0cy02210a	aniline	MeOH	1.0	37.05	37.05	tBuOK	0.1	0.1	Ru_11	Ru	no	Air	2.0	70	22	85	0	42.5		2021	True	7	[70,80)	85
10.1039/d0cy02210a	aniline	MeOH	1.0	37.05	37.05	Cs2CO3	0.1	0.1	Ru_11	Ru	no	Air	2.0	70	22	88	0	44.0		2021	True	7	[70,80)	88
10.1039/d0cy02210a	aniline	MeOH	1.0	37.05	37.05	NaOH	0.1	0.1	Ru_11	Ru	no	Air	2.0	70	22	87	0	43.5		2021	True	7	[70,80)	87
10.1039/d0cy02210a	aniline	MeOH	1.0	37.05	37.05	K2CO3	0.1	0.1	Ru_11	Ru	no	Air	2.0	70	22	84	0	42.0		2021	True	7	[70,80)	84
10.1039/d0cy02210a	aniline	MeOH	1.0	37.05	37.05	Et3N	0.1	0.1	Ru_11	Ru	no	Air	2.0	70	22	0	0	0.0		2021	False	7	[70,80)	0
10.1039/d0cy02210a	aniline	MeOH	1.0	37.05	37.05	NaOH	0.1	0.1	Ru_11	Ru	no	Air	2.0	70	22	87	0	43.5		2021	True	7	[70,80)	87
10.1039/d0cy02210a	aniline	MeOH	1.0	37.05	37.05	NaOH	0.1	0.1	Ru_11	Ru	no	Air	2.0	70	22	75	0	37.5		2021	True	7	[70,80)	75
10.1039/d0cy02210a	aniline	MeOH	1.0	12.35	12.35	NaOH	0.1	0.1	Ru_11	Ru	no	Air	2.0	70	22	88	0	44.0		2021	True	7	[70,80)	88
10.1039/d0cy02210a	aniline	MeOH	1.0	49.4	49.4	NaOH	0.1	0.1	Ru_11	Ru	no	Air	2.0	70	22	68	0	34.0		2021	True	7	[70,80)	68
10.1039/d0cy02210a	aniline	MeOH	1.0	12.35	12.35	NaOH	0.1	0.1	Ru_11	Ru	no	Air	2.0	70	22	91	0	45.5		2021	True	7	[70,80)	91
10.1039/d0cy02210a	aniline	MeOH	1.0	12.35	12.35	NaOH	0.1	0.1	Ru_11	Ru	no	Air	2.0	60	22	96	0	48.0		2021	True	6	[60,70)	96
10.1039/d0cy02210a	aniline	MeOH	1.0	12.35	12.35	NaOH	0.1	0.1	Ru_11	Ru	no	Air	2.0	50	22	51	0	25.5		2021	False	5	[50,60)	51
10.1039/d0cy02210a	aniline	MeOH	1.0	12.35	12.35	NaOH	0.1	0.1	no		no	Air		60	22	0	0			2021	False	6	[60,70)	0
10.1039/d0cy02210a	aniline	MeOH	1.0	12.35	12.35	no base	0.0	0.0	Ru_11	Ru	no	Air	2.0	60	22	0	0	0.0		2021	False	6	[60,70)	0
10.1039/d0cy02210a	aniline	MeOH	5.0	61.75	12.35	NaOH	0.5	0.1	Ru_11	Ru	no	Air	0.4	80	22	88	0	220.0		2021	True	8	[80,90)	88
10.1021/acs.joc.0c02685	 benzenesulfonamide 	MeOH	0.5	24.7	49.4	Cs2CO3	0.5	1.0	[RuCl2(p-cymene)]2	Ru	no	Air	2.0	125	15	27	0	13.5		2021	False	12	[120,130)	27
10.1021/acs.joc.0c02685	 benzenesulfonamide 	MeOH	0.5	24.7	49.4	Cs2CO3	0.5	1.0	RuCl2(p-cymene)PPh3	Ru	no	Air	1.0	125	15	35	0	35.0		2021	False	12	[120,130)	35
10.1021/acs.joc.0c02685	 benzenesulfonamide 	MeOH	0.5	24.7	49.4	Cs2CO3	0.5	1.0	RuCl2(p-cymene)P(NMe2)3	Ru	no	Air	1.0	125	15	31	0	31.0		2021	False	12	[120,130)	31
10.1021/acs.joc.0c02685	 benzenesulfonamide 	MeOH	0.5	24.7	49.4	Cs2CO3	0.5	1.0	Ru_12	Ru	no	Air	1.0	125	15	5	0	5.0		2021	False	12	[120,130)	5
10.1021/acs.joc.0c02685	 benzenesulfonamide 	MeOH	0.5	24.7	49.4	Cs2CO3	0.5	1.0	RuCl2(PPh3)3	Ru	no	Air	1.0	125	15	5	0	5.0		2021	False	12	[120,130)	5
10.1021/acs.joc.0c02685	 benzenesulfonamide 	MeOH	0.5	24.7	49.4	Cs2CO3	0.5	1.0	Ru_13	Ru	no	Air	1.0	125	15	49	0	49.0		2021	False	12	[120,130)	49
10.1021/acs.joc.0c02685	 benzenesulfonamide 	MeOH	0.5	24.7	49.4	Cs2CO3	0.5	1.0	Ru_14	Ru	no	Air	1.0	125	15	83	0	83.0		2021	True	12	[120,130)	83
10.1021/acs.joc.0c02685	 benzenesulfonamide 	MeOH	0.5	24.7	49.4	Cs2CO3	0.5	1.0	Ru_15	Ru	no	Air	1.0	125	15	95	0	95.0		2021	True	12	[120,130)	95
10.1021/acs.joc.0c02685	 benzenesulfonamide 	MeOH	0.5	24.7	49.4	Cs2CO3	0.5	1.0	Ru_15	Ru	no	Air	1.0	115	15	70	0	70.0		2021	True	11	[110,120)	70
10.1021/acs.joc.0c02685	 benzenesulfonamide 	MeOH	0.5	24.7	49.4	Cs2CO3	0.25	0.5	Ru_15	Ru	no	Air	1.0	125	15	75	0	75.0		2021	True	12	[120,130)	75
10.1021/acs.joc.0c02685	 benzenesulfonamide 	MeOH	0.5	24.7	49.4	K2CO3	0.5	1.0	Ru_15	Ru	no	Air	1.0	125	15	81	0	81.0		2021	True	12	[120,130)	81
10.1021/acs.joc.0c02685	 benzenesulfonamide 	MeOH	0.5	24.7	49.4	Na2CO3	0.5	1.0	Ru_15	Ru	no	Air	1.0	125	15	77	0	77.0		2021	True	12	[120,130)	77
10.1021/acs.joc.0c02685	aniline	MeOH	0.5	24.7	49.4	Cs2CO3	0.5	1.0	Ru_15	Ru	no	Air	1.0	125	15	93	0	93.0		2021	True	12	[120,130)	93
10.1002/cctc.202101630	aniline	MeOH	4.0	98.8	24.7	MeONa	4.0	1.0	Ru_16	Ru	no	N2	1.0	115	6	96	0	96.0		2022	True	11	[110,120)	96
10.1002/cctc.202101630	aniline	MeOH	4.0	98.8	24.7	MeOLi	4.0	1.0	Ru_16	Ru	no	N2	1.0	115	6	97	0	97.0		2022	True	11	[110,120)	97
10.1002/cctc.202101630	aniline	MeOH	4.0	98.8	24.7	KOH	4.0	1.0	Ru_16	Ru	no	N2	1.0	115	6	81	0	81.0		2022	True	11	[110,120)	81
10.1002/cctc.202101630	aniline	MeOH	4.0	98.8	24.7	NaOH	4.0	1.0	Ru_16	Ru	no	N2	1.0	115	6	57	0	57.0		2022	False	11	[110,120)	57
10.1002/cctc.202101630	aniline	MeOH	4.0	98.8	24.7	LiOH	4.0	1.0	Ru_16	Ru	no	N2	1.0	115	6	89	0	89.0		2022	True	11	[110,120)	89
10.1002/cctc.202101630	aniline	MeOH	4.0	98.8	24.7	K2CO3	4.0	1.0	Ru_16	Ru	no	N2	1.0	115	6	22	0	22.0		2022	False	11	[110,120)	22
10.1002/cctc.202101630	aniline	MeOH	4.0	98.8	24.7	Na2CO3	4.0	1.0	Ru_16	Ru	no	N2	1.0	115	6	10	0	10.0		2022	False	11	[110,120)	10
10.1002/cctc.202101630	aniline	MeOH	4.0	98.8	24.7	Cs2CO3	4.0	1.0	Ru_16	Ru	no	N2	1.0	115	6	5	0	5.0		2022	False	11	[110,120)	5
10.1002/cctc.202101630	aniline	MeOH	4.0	98.8	24.7	MeOK	3.0	0.75	Ru_16	Ru	no	N2	1.0	115	6	89	0	89.0		2022	True	11	[110,120)	89
10.1002/cctc.202101630	aniline	MeOH	4.0	98.8	24.7	MeOK	2.0	0.5	Ru_16	Ru	no	N2	1.0	115	6	82	0	82.0		2022	True	11	[110,120)	82
10.1002/cctc.202101630	aniline	MeOH	4.0	98.8	24.7	MeOK	4.0	1.0	Ru_16	Ru	no	N2	1.0	105	6	73	0	73.0		2022	True	10	[100,110)	73
10.1002/cctc.202101630	aniline	MeOH	4.0	98.8	24.7	MeOK	4.0	1.0	Ru_16	Ru	no	N2	1.0	95	6	40	0	40.0		2022	False	9	[90,100)	40
10.1002/cctc.202101630	nitroarene	MeOH	1.0	98.8	98.8	MeOK	1.0	1.0	Ru_16	Ru	no	N2	1.0	160	6	98	0	98.0		2022	True	16	[160,170)	98
10.1002/cctc.202101630	nitroarene	MeOH	1.0	98.8	98.8	MeOK	1.0	1.0	Ru_16	Ru	no	N2	1.0	160	12	98	0	98.0		2022	True	16	[160,170)	98
10.1002/cctc.202101630	nitroarene	MeOH	1.0	98.8	98.8	MeOK	1.0	1.0	Ru_16	Ru	no	N2	0.5	160	12	92	0	184.0		2022	True	16	[160,170)	92
10.1002/cctc.202101630	nitroarene	MeOH	1.0	98.8	98.8	MeOK	1.0	1.0	Ru_16	Ru	no	N2	1.0	130	12	99	0	99.0		2022	True	13	[130,140)	99
10.1002/cctc.202101630	nitroarene	MeOH	1.0	98.8	98.8	MeOK	1.0	1.0	Ru_16	Ru	no	N2	1.0	115	12	97	0	97.0		2022	True	11	[110,120)	97
10.1002/cctc.202101630	nitroarene	MeOH	1.0	98.8	98.8	MeOK	1.0	1.0	Ru_16	Ru	no	N2	1.0	115	24	96	0	96.0		2022	True	11	[110,120)	96
10.1021/acs.organomet.2c00125	aniline	MeOH	0.5	37.05	74.1	tBuOK	0.25	0.5	Ir_1	Ir	no	N2	1.0	110	5	25	0	25.0		2022	False	11	[110,120)	25
10.1021/acs.organomet.2c00125	aniline	MeOH	0.5	37.05	74.1	Cs2CO3	0.25	0.5	Ir_1	Ir	no	N2	1.0	110	5	40	0	40.0		2022	False	11	[110,120)	40
10.1021/acs.organomet.2c00125	aniline	MeOH	0.5	37.05	74.1	KHMDS	0.25	0.5	Ir_1	Ir	no	N2	1.0	110	5	12	0	12.0		2022	False	11	[110,120)	12
10.1021/acs.organomet.2c00125	aniline	MeOH	0.5	37.05	74.1	KOH	0.25	0.5	Ir_1	Ir	no	N2	1.0	110	5	36	0	36.0		2022	False	11	[110,120)	36
10.1021/acs.organomet.2c00125	aniline	MeOH	0.5	37.05	74.1	NaH	0.25	0.5	Ir_1	Ir	no	N2	1.0	110	5	29	0	29.0		2022	False	11	[110,120)	29
10.1021/acs.organomet.2c00125	aniline	MeOH	0.5	37.05	74.1	K2CO3	0.25	0.5	Ir_1	Ir	no	N2	1.0	110	5	20	0	20.0		2022	False	11	[110,120)	20
10.1021/acs.organomet.2c00125	aniline	MeOH	0.5	37.05	74.1	NaOH	0.25	0.5	Ir_1	Ir	no	N2	1.0	110	5	29	0	29.0		2022	False	11	[110,120)	29
10.1021/acs.organomet.2c00125	aniline	MeOH	0.5	37.05	74.1	MeONa	0.25	0.5	Ir_1	Ir	no	N2	1.0	110	5	19	0	19.0		2022	False	11	[110,120)	19
10.1021/acs.organomet.2c00125	aniline	MeOH	0.5	37.05	74.1	no base	0.0	0.0	Ir_1	Ir	no	N2	1.0	110	5	0	0	0.0		2022	False	11	[110,120)	0
10.1021/acs.organomet.2c00125	aniline	MeOH	0.5	37.05	74.1	Cs2CO3	0.125	0.25	Ir_1	Ir	no	N2	1.0	110	5	17	0	17.0		2022	False	11	[110,120)	17
10.1021/acs.organomet.2c00125	aniline	MeOH	0.5	37.05	74.1	Cs2CO3	0.375	0.75	Ir_1	Ir	no	N2	1.0	110	5	39	0	39.0		2022	False	11	[110,120)	39
10.1021/acs.organomet.2c00125	aniline	MeOH	0.5	37.05	74.1	Cs2CO3	0.5	1.0	Ir_1	Ir	no	N2	1.0	110	5	43	0	43.0		2022	False	11	[110,120)	43
10.1021/acs.organomet.2c00125	aniline	MeOH	0.5	37.05	74.1	Cs2CO3	0.625	1.25	Ir_1	Ir	no	N2	1.0	110	5	40	0	40.0		2022	False	11	[110,120)	40
10.1021/acs.organomet.2c00125	aniline	MeOH	0.5	37.05	74.1	Cs2CO3	0.25	0.5	Ir_1	Ir	no	N2	1.0	120	5	54	0	54.0		2022	False	12	[120,130)	54
10.1021/acs.organomet.2c00125	aniline	MeOH	0.5	37.05	74.1	Cs2CO3	0.25	0.5	Ir_1	Ir	no	N2	1.0	130	5	73	0	73.0		2022	True	13	[130,140)	73
10.1021/acs.organomet.2c00125	aniline	MeOH	0.5	37.05	74.1	Cs2CO3	0.25	0.5	Ir_1	Ir	no	N2	1.0	140	5	85	0	85.0		2022	True	14	[140,150)	85
10.1021/acs.organomet.2c00125	aniline	MeOH	0.5	37.05	74.1	Cs2CO3	0.25	0.5	Ir_1	Ir	no	N2	1.0	150	5	100	0	100.0		2022	True	15	[150,160)	100
10.1021/acs.organomet.2c00125	aniline	MeOH	0.5	37.05	74.1	Cs2CO3	0.25	0.5	Ir_1	Ir	no	N2	0.5	150	5	97	0	194.0		2022	True	15	[150,160)	97
10.1021/acs.organomet.2c00125	aniline	MeOH	0.5	37.05	74.1	Cs2CO3	0.25	0.5	Ir_1	Ir	no	N2	0.1	150	5	52	0	520.0		2022	False	15	[150,160)	52
10.1021/acsomega.3c06260	aniline	MeOH	1.0	24.7	24.7	Cs2CO3	0.5	0.5	Ru_58	Ru	no	Ar	0.5	140	12	99	0	198.0		2023	True	14	[140,150)	99
10.1021/acsomega.3c06260	aniline	MeOH	1.0	24.7	24.7	Cs2CO3	0.3	0.3	Ru_58	Ru	no	Ar	0.5	140	12	85	0	170.0		2023	True	14	[140,150)	85
10.1021/acsomega.3c06260	aniline	MeOH	1.0	24.7	24.7	Cs2CO3	0.5	0.5	Ru_58	Ru	no	Ar	0.5	120	12	64	0	128.0		2023	False	12	[120,130)	64
10.1021/acsomega.3c06260	aniline	MeOH	1.0	24.7	24.7	K2CO3	0.5	0.5	Ru_58	Ru	no	Ar	0.5	140	12	77	0	154.0		2023	True	14	[140,150)	77
10.1021/acsomega.3c06260	aniline	MeOH	1.0	24.7	24.7	Na2CO3	0.5	0.5	Ru_58	Ru	no	Ar	0.5	140	12	70	0	140.0		2023	True	14	[140,150)	70
10.1021/acsomega.3c06260	aniline	MeOH	1.0	24.7	24.7	Et3N	0.5	0.5	Ru_58	Ru	no	Ar	0.5	140	12	0	0	0.0		2023	False	14	[140,150)	0
10.1021/acsomega.3c06260	aniline	MeOH	1.0	24.7	24.7	no base	0.0	0.0	Ru_58	Ru	no	Ar	0.5	140	12	0	0	0.0		2023	False	14	[140,150)	0
10.1021/acsomega.3c06260	aniline	MeOH	1.0	24.7	24.7	Cs2CO3	0.5	0.5	no		no	Ar		140	12	0	0			2023	False	14	[140,150)	0
10.1002/cctc.202301601	aniline	MeOH	0.2	7.409999999999999	37.05	tBuOK	0.04	0.1999999999999999	[RuCl2(p-cymene)]2	Ru	L2 1mol%	Air	1.0	80	18	38	0	38.0		2024	False	8	[80,90)	38
10.1002/cctc.202301601	aniline	MeOH	0.2	7.409999999999999	37.05	tBuOK	0.04	0.1999999999999999	[RuCl2(p-cymene)]2	Ru	L2 1mol%	Air	1.0	100	18	91	0	91.0		2024	True	10	[100,110)	91
10.1002/cctc.202301601	aniline	MeOH	0.2	7.409999999999999	37.05	tBuOK	0.04	0.1999999999999999	[RuCl2(p-cymene)]2	Ru	L3 1mol%	Air	1.0	100	18	63	0	63.0		2024	False	10	[100,110)	63
10.1002/cctc.202301601	aniline	MeOH	0.2	7.409999999999999	37.05	tBuOK	0.04	0.1999999999999999	[RuCl2(p-cymene)]2	Ru	L2 1mol%	Air	1.0	110	18	98	0	98.0		2024	True	11	[110,120)	98
10.1002/cctc.202301601	aniline	MeOH	0.2	7.409999999999999	37.05	tBuOK	0.04	0.1999999999999999	[RuCl2(p-cymene)]2	Ru	L2 0,5mol%	Air	0.5	110	18	67	0	134.0		2024	True	11	[110,120)	67
10.1002/cctc.202301601	aniline	MeOH	0.2	7.409999999999999	37.05	tBuOK	0.02	0.0999999999999999	[RuCl2(p-cymene)]2	Ru	L2 1mol%	Air	1.0	110	18	55	0	55.0		2024	False	11	[110,120)	55
10.1002/cctc.202301601	aniline	MeOH	0.2	7.409999999999999	37.05	tBuOK	0.04	0.1999999999999999	RuCl2(PPh3)3	Ru	L2 1mol%	Air	1.0	110	18	39	0	39.0		2024	False	11	[110,120)	39
10.1002/cctc.202301601	aniline	MeOH	0.2	7.409999999999999	37.05	tBuOK	0.04	0.1999999999999999	RuCpCl(PPh3)2	Ru	L2 1mol%	Air	1.0	110	18	54	0	54.0		2024	False	11	[110,120)	54
10.1002/cctc.202301601	aniline	MeOH	0.2	7.409999999999999	37.05	tBuOK	0.04	0.1999999999999999	[RuCl2(p-cymene)]2	Ru	terpyridine 1mol%	Air	1.0	110	18	70	0	70.0		2024	True	11	[110,120)	70
10.1002/cctc.202301601	aniline	MeOH	0.2	7.409999999999999	37.05	MeONa	0.04	0.1999999999999999	[RuCl2(p-cymene)]2	Ru	L2 1mol%	Air	1.0	110	18	82	0	82.0		2024	True	11	[110,120)	82
10.1002/cctc.202301601	aniline	MeOH	0.2	7.409999999999999	37.05	KOH	0.04	0.1999999999999999	[RuCl2(p-cymene)]2	Ru	L2 1mol%	Air	1.0	110	18	87	0	87.0		2024	True	11	[110,120)	87
10.1002/cctc.202301601	aniline	MeOH	0.2	7.409999999999999	37.05	NaOH	0.04	0.1999999999999999	[RuCl2(p-cymene)]2	Ru	L2 1mol%	Air	1.0	110	18	77	0	77.0		2024	True	11	[110,120)	77
10.1002/cctc.202301601	aniline	MeOH	0.2	7.409999999999999	37.05	K2CO3	0.04	0.1999999999999999	[RuCl2(p-cymene)]2	Ru	L2 1mol%	Air	1.0	110	18	88	0	88.0		2024	True	11	[110,120)	88
10.1002/cctc.202301601	aniline	MeOH	0.2	7.409999999999999	37.05	tBuOK	0.04	0.1999999999999999	[RuCl2(p-cymene)]2	Ru	no	Air	1.0	110	18	44	0	44.0		2024	False	11	[110,120)	44
10.1002/cctc.202301601	aniline	MeOH	0.2	7.409999999999999	37.05	tBuOK	0.04	0.1999999999999999	no		L2 1mol%	Air		110	18	0	0			2024	False	11	[110,120)	0
10.1021/acs.inorgchem.4c01561	aniline	MeOH	1.0	37.05	37.05	tBuOK	1.0	1.0	Ru_17	Ru	no	Ar	1.0	110	12	81	0	81.0		2024	True	11	[110,120)	81
10.1021/acs.inorgchem.4c01561	aniline	MeOH	1.0	37.05	37.05	MeOK	1.0	1.0	Ru_17	Ru	no	Ar	1.0	110	12	87	0	87.0		2024	True	11	[110,120)	87
10.1021/acs.inorgchem.4c01561	aniline	MeOH	1.0	37.05	37.05	KOH	1.0	1.0	Ru_17	Ru	no	Ar	1.0	110	12	79	0	79.0		2024	True	11	[110,120)	79
10.1021/acs.inorgchem.4c01561	aniline	MeOH	1.0	37.05	37.05	CsOH*H2O	1.0	1.0	Ru_17	Ru	no	Ar	1.0	110	12	72	0	72.0		2024	True	11	[110,120)	72
10.1021/acs.inorgchem.4c01561	aniline	MeOH	1.0	37.05	37.05	Cs2CO3	1.0	1.0	Ru_17	Ru	no	Ar	1.0	110	12	59	0	59.0		2024	False	11	[110,120)	59
10.1021/acs.inorgchem.4c01561	aniline	MeOH	1.0	37.05	37.05	K2CO3	1.0	1.0	Ru_17	Ru	no	Ar	1.0	110	12	29	0	29.0		2024	False	11	[110,120)	29
10.1021/acs.inorgchem.4c01561	aniline	MeOH	1.0	37.05	37.05	NaOAc	1.0	1.0	Ru_17	Ru	no	Ar	1.0	110	12	0	0	0.0		2024	False	11	[110,120)	0
10.1021/acs.inorgchem.4c01561	aniline	MeOH	1.0	37.05	37.05	Et3N	1.0	1.0	Ru_17	Ru	no	Ar	1.0	110	12	0	0	0.0		2024	False	11	[110,120)	0
10.1021/acs.inorgchem.4c01561	aniline	MeOH	1.0	37.05	37.05	MeOK	1.0	1.0	Ru_18	Ru	no	Ar	1.0	110	12	89	0	89.0		2024	True	11	[110,120)	89
10.1021/acs.inorgchem.4c01561	aniline	MeOH	1.0	37.05	37.05	MeOK	1.0	1.0	Ru_19	Ru	no	Ar	1.0	110	12	94	0	94.0		2024	True	11	[110,120)	94
10.1021/acs.inorgchem.4c01561	aniline	MeOH	1.0	37.05	37.05	MeOK	1.0	1.0	Ru_20	Ru	no	Ar	1.0	110	12	85	0	85.0		2024	True	11	[110,120)	85
10.1021/acs.inorgchem.4c01561	aniline	MeOH	1.0	37.05	37.05	MeOK	1.0	1.0	Ru_19	Ru	no	Ar	1.0	110	18	95	0	95.0		2024	True	11	[110,120)	95
10.1021/acs.inorgchem.4c01561	aniline	MeOH	1.0	37.05	37.05	MeOK	1.0	1.0	Ru_19	Ru	no	Ar	1.0	110	6	42	0	42.0		2024	False	11	[110,120)	42
10.1021/acs.inorgchem.4c01561	aniline	MeOH	1.0	37.05	37.05	MeOK	1.0	1.0	Ru_19	Ru	no	Ar	1.0	100	12	68	0	68.0		2024	True	10	[100,110)	68
10.1021/acs.inorgchem.4c01561	aniline	MeOH	1.0	37.05	37.05	MeOK	1.0	1.0	Ru_19	Ru	no	Ar	1.0	110	12	61	0	61.0		2024	False	11	[110,120)	61
10.1021/acs.inorgchem.4c01561	aniline	MeOH	1.0	37.05	37.05	MeOK	1.0	1.0	Ru_19	Ru	no	Ar	1.0	110	12	68	0	68.0		2024	True	11	[110,120)	68
10.1021/acs.inorgchem.4c01561	aniline	MeOH	1.0	37.05	37.05	MeOK	1.0	1.0	no		no	Ar		110	12	0	0			2024	False	11	[110,120)	0
10.1021/acs.inorgchem.4c01561	aniline	MeOH	1.0	37.05	37.05	no base	0.0	0.0	Ru_19	Ru	no	Ar	6.4	110	12	0	0	0.0		2024	False	11	[110,120)	0
10.1021/acs.inorgchem.4c01561	aniline	MeOH	1.0	37.05	37.05	MeOK	1.0	1.0	[Ru(CO)2Cl2]n	Ru	no	Ar	6.4	110	12	16	0	2.5		2024	False	11	[110,120)	16
10.1039/d2cy00065b	aniline	MeOH	0.2	49.4	247.0	K2CO3	0.2	1.0	Pd–Fe3O4	Pd	no	no data	6.4	140	24	30	0	4.6875		2022	False	14	[140,150)	30
10.1039/d2cy00065b	aniline	MeOH	0.2	49.4	247.0	K2CO3	0.2	1.0	Pd1Cu0.3–Fe3O4	Pd	no	no data	6.4	140	24	66	0	10.3125		2022	True	14	[140,150)	66
10.1039/d2cy00065b	aniline	MeOH	0.2	49.4	247.0	K2CO3	0.2	1.0	Pd 1Cu0.6–Fe3O4	Pd	no	no data	6.4	140	24	93	0	14.53125		2022	True	14	[140,150)	93
10.1039/d2cy00065b	aniline	MeOH	0.2	49.4	247.0	K2CO3	0.2	1.0	Pd1Cu1–Fe3O4	Pd	no	no data	6.4	140	24	83	0	12.96875		2022	True	14	[140,150)	83
10.1039/d2cy00065b	aniline	MeOH	0.2	49.4	247.0	K2CO3	0.2	1.0	Pd0.5Cu1–Fe3O4	Pd	no	no data	6.4	140	24	78	0	12.1875		2022	True	14	[140,150)	78
10.1039/d2cy00065b	aniline	MeOH	0.2	49.4	247.0	K2CO3	0.2	1.0	Pd0.2Cu1–Fe3O4	Pd	no	no data	6.4	140	24	25	0	3.90625		2022	False	14	[140,150)	25
10.1039/d2cy00065b	aniline	MeOH	0.2	49.4	247.0	K2CO3	0.2	1.0	Cu–Fe3O4	Cu	no	no data	6.4	140	24	6	0	0.9375		2022	False	14	[140,150)	6
10.1039/d2cy00065b	aniline	MeOH	0.2	49.4	247.0	KHCO3	0.2	1.0	Pd 1Cu0.6–Fe3O4	Pd	no	no data	4.0	140	24	75	0	18.75		2022	True	14	[140,150)	75
10.1039/d2cy00065b	aniline	MeOH	0.2	49.4	247.0	K3PO4	0.2	1.0	Pd 1Cu0.6–Fe3O4	Pd	no	no data	4.0	140	24	77	0	19.25		2022	True	14	[140,150)	77
10.1039/d2cy00065b	aniline	MeOH	0.2	49.4	247.0	Et3N	0.2	1.0	Pd 1Cu0.6–Fe3O4	Pd	no	no data	4.0	140	24	19	0	4.75		2022	False	14	[140,150)	19
10.1039/d2cy00065b	aniline	MeOH	0.2	49.4	247.0	Na2CO3	0.2	1.0	Pd 1Cu0.6–Fe3O4	Pd	no	no data	4.0	140	24	86	0	21.5		2022	True	14	[140,150)	86
10.1039/d2cy00065b	aniline	MeOH	0.2	49.4	247.0	K2CO3	0.2	1.0	Pd 1Cu0.6–Fe3O4	Pd	no	no data	4.0	140	24	93	0	23.25		2022	True	14	[140,150)	93
10.1039/d2cy00065b	aniline	MeOH	0.2	49.4	247.0	K2CO3	0.2	1.0	Pd 1Cu0.6–Fe3O4	Pd	no	no data	4.0	130	24	83	0	20.75		2022	True	13	[130,140)	83
10.1039/d2cy00065b	aniline	MeOH	0.2	49.4	247.0	K2CO3	0.2	1.0	Pd 1Cu0.6–Fe3O4	Pd	no	no data	4.0	120	24	77	0	19.25		2022	True	12	[120,130)	77
10.1039/d2cy00065b	aniline	MeOH	0.2	49.4	247.0	K2CO3	0.2	1.0	Pd 1Cu0.6–Fe3O4	Pd	no	no data	3.0	140	24	69	0	23.0		2022	True	14	[140,150)	69
10.1039/d2cy00065b	aniline	MeOH	0.2	49.4	247.0	K2CO3	0.2	1.0	Pd 1Cu0.6–Fe3O4	Pd	no	no data	5.0	140	24	99	0	19.8		2022	True	14	[140,150)	99
10.1039/d2cy00065b	aniline	MeOH	0.2	49.4	247.0	no base	0.2	1.0	Pd 1Cu0.6–Fe3O4	Pd	no	no data	5.0	140	24	19	0	3.8		2022	False	14	[140,150)	19
10.1039/d2cy00065b	aniline	MeOH	0.2	24.7	123.5	K2CO3	0.2	1.0	Pd 1Cu0.6–Fe3O4	Pd	no	no data	5.0	140	24	72	0	14.4		2022	True	14	[140,150)	72
10.1039/d2cy00065b	aniline	MeOH	0.2	74.1	370.5	K2CO3	0.2	1.0	Pd 1Cu0.6–Fe3O4	Pd	no	no data	5.0	140	24	99	0	19.8		2022	True	14	[140,150)	99
10.1039/d3cy00218g	nitroarene	MeOH	0.5	24.7	49.4	tBuOK	0.5	1.0	Ru_23	Ru	no	N2	5.0	100	24	50	50	20.0		2023	True	10	[100,110)	100
10.1039/d3cy00218g	nitroarene	MeOH	0.5	24.7	49.4	tBuOK	0.5	1.0	Ru_23	Ru	no	air	5.0	100	24	28	72	20.0		2023	True	10	[100,110)	100
10.1039/d3cy00218g	nitroarene	MeOH	0.5	24.7	49.4	tBuOK	0.5	1.0	Ru_23	Ru	no	N2	5.0	130	24	96	4	20.0		2023	True	13	[130,140)	100
10.1039/d3cy00218g	nitroarene	MeOH	0.5	24.7	49.4	tBuOK	0.5	1.0	Ru_23	Ru	no	N2	5.0	130	18	95	4	19.8		2023	True	13	[130,140)	99
10.1039/d3cy00218g	nitroarene	MeOH	0.5	24.7	49.4	tBuOK	0.5	1.0	Ru_23	Ru	no	N2	5.0	130	10	72	28	20.0		2023	True	13	[130,140)	100
10.1039/d3cy00218g	nitroarene	MeOH	0.5	24.7	49.4	tBuOK	0.5	1.0	Ru_23	Ru	no	N2	4.0	130	18	96	4	25.0		2023	True	13	[130,140)	100
10.1039/d3cy00218g	nitroarene	MeOH	0.5	24.7	49.4	tBuOK	0.5	1.0	Ru_23	Ru	no	N2	3.0	130	18	90	10	33.333333333333336		2023	True	13	[130,140)	100
10.1039/d3cy00218g	nitroarene	MeOH	0.5	24.7	49.4	tBuOK	0.5	1.0	Ru_23	Ru	no	N2	2.0	130	18	93	7	50.0		2023	True	13	[130,140)	100
10.1039/d3cy00218g	nitroarene	MeOH	0.5	24.7	49.4	tBuOK	0.5	1.0	no		no	N2	0.0	130	18	0	0			2023	False	13	[130,140)	0
10.1039/d3cy00218g	nitroarene	MeOH	0.5	24.7	49.4	Cs2CO3	0.5	1.0	Ru_23	Ru	no	N2	4.0	130	18	92	8	25.0		2023	True	13	[130,140)	100
10.1039/d3cy00218g	nitroarene	MeOH	0.5	24.7	49.4	MeONa	0.5	1.0	Ru_23	Ru	no	N2	4.0	130	18	89	11	25.0		2023	True	13	[130,140)	100
10.1039/d3cy00218g	nitroarene	MeOH	0.5	24.7	49.4	KOH	0.5	1.0	Ru_23	Ru	no	N2	4.0	130	18	94	6	25.0		2023	True	13	[130,140)	100
10.1039/d3cy00218g	nitroarene	MeOH	0.5	24.7	49.4	tBuOK	0.25	0.5	Ru_23	Ru	no	N2	4.0	130	18	88	12	25.0		2023	True	13	[130,140)	100
10.1039/d3cy00218g	nitroarene	MeOH	0.5	24.7	49.4	no base	0.0	0.0	Ru_23	Ru	no	N2	4.0	130	18	41	59	25.0		2023	True	13	[130,140)	100
10.1039/d3cy00218g	nitroarene	MeOH	0.5	24.7	49.4	tBuOK	0.5	1.0	RuCl3*nH2O	Ru	no	N2	4.0	130	18	59	41	25.0		2023	True	13	[130,140)	100
10.1039/d3cy00218g	nitroarene	MeOH	0.5	24.7	49.4	tBuOK	0.5	1.0	[RuCl2(p-cymene)]2	Ru	no	N2	4.0	130	18	66	34	25.0		2023	True	13	[130,140)	100
10.1039/d3cy00218g	nitroarene	MeOH	0.5	24.7	49.4	tBuOK	0.5	1.0	[RuCl2(C6(CH3)6)]2	Ru	no	N2	4.0	130	18	52	48	25.0		2023	True	13	[130,140)	100
10.1039/d3cy00218g	nitroarene	MeOH	0.5	24.7	49.4	tBuOK	0.5	1.0	[RuCl2(mesitylene)]2	Ru	no	N2	4.0	130	18	63	37	25.0		2023	True	13	[130,140)	100
10.1039/d3cy00218g	nitroarene	MeOH	0.5	24.7	49.4	tBuOK	0.5	1.0	[RuI2(p-cymene)]2	Ru	no	N2	4.0	130	18	67	33	25.0		2023	True	13	[130,140)	100
10.1039/d3cy00218g	nitroarene	MeOH	0.5	24.7	49.4	tBuOK	0.5	1.0	[Ru(H)Cl(p-cymene)]2	Ru	no	N2	4.0	130	18	66	34	25.0		2023	True	13	[130,140)	100
10.1039/d3cy00218g	nitroarene	MeOH	0.5	24.7	49.4	tBuOK	0.5	1.0	Ru_21	Ru	no	N2	4.0	130	18	91	9	25.0		2023	True	13	[130,140)	100
10.1039/d3cy00218g	nitroarene	MeOH	0.5	24.7	49.4	tBuOK	0.5	1.0	Ru_22	Ru	no	N2	4.0	130	18	87	13	25.0		2023	True	13	[130,140)	100
10.1039/d3cy00218g	nitroarene	MeOH	0.5	24.7	49.4	tBuOK	0.5	1.0	Ru_23	Ru	no	N2	4.0	130	18	96	4	25.0		2023	True	13	[130,140)	100
10.1039/d3cy00218g	nitroarene	MeOH	0.5	24.7	49.4	tBuOK	0.5	1.0	Ru_24	Ru	no	N2	4.0	130	18	90	10	25.0		2023	True	13	[130,140)	100
10.1039/d3cy00218g	nitroarene	MeOH	0.5	24.7	49.4	tBuOK	0.5	1.0	Ru_25	Ru	no	N2	4.0	130	18	87	13	25.0		2023	True	13	[130,140)	100
10.1039/d3cy00218g	nitroarene	MeOH	0.5	24.7	49.4	tBuOK	0.5	1.0	Ru_26	Ru	no	N2	4.0	130	18	80	20	25.0		2023	True	13	[130,140)	100
10.1039/d3cy00218g	nitroarene	MeOH	0.5	24.7	49.4	tBuOK	0.5	1.0	Ru_27	Ru	no	N2	4.0	130	18	84	16	25.0		2023	True	13	[130,140)	100
10.1039/d3cy00218g	nitroarene	MeOH	0.5	24.7	49.4	tBuOK	0.5	1.0	Ru_28	Ru	no	N2	4.0	130	18	51	49	25.0		2023	True	13	[130,140)	100
10.1039/d3cy00218g	nitroarene	MeOH	0.5	24.7	49.4	tBuOK	0.5	1.0	Ru_29	Ru	no	N2	4.0	130	18	65	35	25.0		2023	True	13	[130,140)	100
10.1039/d3cy00218g	nitroarene	MeOH	0.5	24.7	49.4	tBuOK	0.5	1.0	Ru_30	Ru	no	N2	4.0	130	18	55	45	25.0		2023	True	13	[130,140)	100
10.1039/d3cy00218g	nitroarene	MeOH	0.5	24.7	49.4	tBuOK	0.5	1.0	Ru_31	Ru	no	N2	4.0	130	18	74	26	25.0		2023	True	13	[130,140)	100
10.1039/d3cy00218g	nitroarene	MeOH	0.5	24.7	49.4	tBuOK	0.5	1.0	Ru_32	Ru	no	N2	4.0	130	18	65	35	25.0		2023	True	13	[130,140)	100
10.1039/d2cy01539k	aniline	MeOH	1.0	247.0	247.0	no base	0.0	0.0	Ni/ZnAlOx-500	Ni	no	N2		160	4	35	0		10 Bar N2	2022	False	16	[160,170)	35
10.1039/d2cy01539k	aniline	MeOH	1.0	247.0	247.0	no base	0.0	0.0	Ni/ZnAlOx-600	Ni	no	N2		160	4	45	0		10 Bar N2	2022	False	16	[160,170)	45
10.1039/d2cy01539k	aniline	MeOH	1.0	247.0	247.0	no base	0.0	0.0	Ni/ZnAlOx-700	Ni	no	N2		160	4	41	1		10 Bar N2	2022	False	16	[160,170)	42
10.1039/d2cy01539k	aniline	MeOH	1.0	247.0	247.0	no base	0.0	0.0	NiZnAl-MMO	Ni	no	N2		160	4	0	0		10 Bar N2	2022	False	16	[160,170)	0
10.1039/d2cy01539k	aniline	MeOH	1.0	247.0	247.0	no base	0.0	0.0	ZnAlOx-600	Zn	no	N2		160	4	0	0		10 Bar N2	2022	False	16	[160,170)	0
10.1039/d2cy01539k	aniline	MeOH	1.0	247.0	247.0	no base	0.0	0.0	Ni/AlOx-600	Ni	no	N2		160	4	25	0		10 Bar N2	2022	False	16	[160,170)	25
10.1039/d2cy01539k	aniline	MeOH	1.0	247.0	247.0	no base	0.0	0.0	Ni/ZnAlOx-600	Ni	no	N2		160	4	45	0			2022	False	16	[160,170)	45
10.1039/d2cy01539k	aniline	MeOH	1.0	247.0	247.0	no base	0.0	0.0	Ni/ZnAlOx-600	Ni	no	Air		160	4	42	1			2022	False	16	[160,170)	43
