doi	solvent	PhNO2	BnOH	base	base_amount	catalyst	metal	ligand	atmosphere	cat_load	temp	time	yield	TON	comment	alc2nitroo_ratio	alc2nitro_ratio	base_nitro_ratio	base_alcohol_ratio	success
10.1021/acs.inorgchem.2c00703	PhMe	1.0	5.0	tBuOK	5.0	Cp*IrCl(N^O)1	Ir	no	inert	1.0	100.0	10.0	81.0	81.0	0	5.0	5.0	5.0	1.0	True
10.1248/cpb.14.731	neat	100.0	550.0	KOH	500.0	no		no	air	0.0	250.0	1.5	33.0	inf	0	550.0	5.5	5.0	0.9090909090909092	False
10.1248/cpb.14.731	neat	100.0	550.0	KOH	500.0	no		no	air	0.0	200.0	1.5	22.0	inf	0	550.0	5.5	5.0	0.9090909090909092	False
10.1021/ol1020527	neat	0.2	1.5	no base	0.0	RuCl3	Ru	no	Ar	5.0	150.0	16.0	0.0	0.0	0	1.5	7.5	0.0	0.0	False
10.1021/ol1020527	neat	0.2	1.5	no base	0.0	RuCl3	Ru	15% PPh3	Ar	5.0	150.0	16.0	14.0	2.8	0	0.375	7.5	0.0	0.0	False
10.1021/ol1020527	neat	0.2	1.5	no base	0.0	RuCl3	Ru	7,5% dppp	Ar	5.0	150.0	16.0	0.0	0.0	0	0.375	7.5	0.0	0.0	False
10.1021/ol1020527	neat	0.2	1.5	no base	0.0	RuCl3	Ru	7,5% dppb	Ar	5.0	150.0	16.0	0.0	0.0	0	0.375	7.5	0.0	0.0	False
10.1021/ol1020527	neat	0.2	1.5	no base	0.0	RuCl3	Ru	7,5% dppe	Ar	5.0	150.0	16.0	0.0	0.0	0	0.375	7.5	0.0	0.0	False
10.1021/ol1020527	neat	0.2	1.5	no base	0.0	RuCl3	Ru	7,5% dppf	Ar	5.0	150.0	16.0	0.0	0.0	0	0.375	7.5	0.0	0.0	False
10.1021/ol1020527	neat	0.2	1.5	no base	0.0	RuCl3	Ru	7,5% binap	Ar	5.0	150.0	16.0	79.0	15.8	0	0.375	7.5	0.0	0.0	True
10.1021/ol1020527	neat	0.2	1.5	no base	0.0	RuCl3	Ru	7,5% phen	Ar	5.0	150.0	16.0	0.0	0.0	0	0.375	7.5	0.0	0.0	False
10.1021/ol1020527	neat	0.2	1.5	no base	0.0	RuCl3	Ru	7,5% LE5	Ar	5.0	150.0	16.0	97.0	19.4	0	0.375	7.5	0.0	0.0	True
10.1021/ol1020527	neat	0.2	1.5	no base	0.0	Ru(acac)3	Ru	7,5% LE5	Ar	5.0	150.0	16.0	133.0	26.6	0	0.375	7.5	0.0	0.0	True
10.1021/ol1020527	neat	0.2	1.5	no base	0.0	cymeneRuCl2	Ru	7,5% LE5	Ar	5.0	150.0	16.0	98.0	19.6	0	0.375	7.5	0.0	0.0	True
10.1021/ol1020527	neat	0.2	1.5	no base	0.0	[RuCl2(COD)]	Ru	7,5% LE5	Ar	5.0	150.0	16.0	124.0	24.8	0	1.5	7.5	0.0	0.0	True
10.1021/ol1020527	neat	0.2	1.5	no base	0.0	RuCl2(PPh3)3	Ru	7,5% LE5	Ar	5.0	150.0	16.0	97.0	19.4	0	1.5	7.5	0.0	0.0	True
10.1021/ol1020527	neat	0.2	1.5	no base	0.0	Ru(CO)(H)Cl(PPh3)3	Ru	7,5% LE5	Ar	5.0	150.0	16.0	144.0	28.8	0	1.5	7.5	0.0	0.0	True
10.1021/ol1020527	neat	0.2	1.5	no base	0.0	Ru(CO)H2(PPh3)3	Ru	7,5% LE5	Ar	5.0	150.0	16.0	193.0	38.6	0	1.5	7.5	0.0	0.0	True
10.1021/ol1020527	neat	0.2	1.5	no base	0.0	Ru(CO)H2(PPh3)3	Ru	no	Ar	5.0	150.0	16.0	112.0	22.4	0	1.5	7.5	0.0	0.0	True
10.1021/ol1020527	neat	0.2	1.5	no base	0.0	Ru(CO)H2(PPh3)3	Ru	5% LE5	Ar	5.0	150.0	16.0	155.0	31.0	0	1.5	7.5	0.0	0.0	True
10.1021/ol1020527	neat	0.2	1.5	no base	0.0	Ru(CO)H2(PPh3)3	Ru	3,75% LE5	Ar	2.5	150.0	16.0	105.0	42.0	0	1.5	7.5	0.0	0.0	True
10.1021/ol1020527	neat	0.2	1.5	no base	0.0	Ru(CO)H2(PPh3)3	Ru	7,5% LE5	Ar	5.0	130.0	16.0	136.0	27.2	0	1.5	7.5	0.0	0.0	True
10.1021/ol1020527	xylene	0.2	1.5	no base	0.0	Ru(CO)H2(PPh3)3	Ru	7,5% LE5	Ar	5.0	150.0	16.0	40.0	8.0	0	1.5	7.5	0.0	0.0	False
10.1021/ol1020527	neat	0.2	0.4	no base	0.0	Ru(CO)H2(PPh3)3	Ru	7,5% LE5	Ar	5.0	150.0	16.0	41.0	8.2	0	0.4	2.0	0.0	0.0	False
10.1039/c1cc11057h	neat	5.0	50.0	no base	0.0	Fe2O3	Fe	0	Ar	1.0	160.0	8.0	0.0	0.0	0	50.0	10.0	0.0	0.0	False
10.1039/c1cc11057h	neat	5.0	50.0	no base	0.0	1.8 wt% Au/Fe2O3	Au	0	Ar	0.18	160.0	8.0	25.0	138.88888888888889	0	50.0	10.0	0.0	0.0	False
10.1039/c1cc11057h	neat	5.0	50.0	no base	0.0	4.3 wt% Au/Fe2O3	Au	0	Ar	0.44	160.0	8.0	52.0	118.1818181818182	0	50.0	10.0	0.0	0.0	False
10.1039/c1cc11057h	neat	5.0	50.0	no base	0.0	6.3 wt% Au/Fe2O3	Au	0	Ar	0.64	160.0	8.0	65.0	101.5625	0	50.0	10.0	0.0	0.0	False
10.1039/c1cc11057h	neat	5.0	50.0	no base	0.0	9.1 wt% Au/Fe2O3	Au	0	Ar	0.92	160.0	8.0	94.0	102.17391304347824	0	50.0	10.0	0.0	0.0	True
10.1039/c1cc11057h	neat	5.0	50.0	no base	0.0	2.8 wt% Au/CeO2	Au	0	Ar	0.28	160.0	8.0	5.0	17.857142857142854	0	50.0	10.0	0.0	0.0	False
10.1039/c1cc11057h	neat	5.0	50.0	no base	0.0	2.8 wt% Au/Co3O4	Au	0	Ar	0.28	160.0	8.0	6.0	21.428571428571427	0	50.0	10.0	0.0	0.0	False
10.1039/c1cc11057h	neat	5.0	50.0	no base	0.0	2.5 wt% Au/NiO	Au	0	Ar	0.25	160.0	8.0	57.0	228.0	0	50.0	10.0	0.0	0.0	False
10.1039/c1cc11057h	neat	5.0	50.0	no base	0.0	3.6 wt% Pd/Fe2O3	Pd	0	Ar	0.68	160.0	8.0	3.0	4.411764705882352	0	50.0	10.0	0.0	0.0	False
10.1039/c1cc11057h	neat	5.0	50.0	no base	0.0	2.9 wt% Ru/Fe2O3	Ru	0	Ar	0.57	160.0	8.0	47.0	82.4561403508772	0	50.0	10.0	0.0	0.0	False
10.1039/c1cc11057h	neat	5.0	50.0	no base	0.0	11.5 wt% Au/Fe2O3	Au	0	Ar	1.17	160.0	8.0	77.0	65.81196581196582	0	50.0	10.0	0.0	0.0	True
10.1002/chem.201100393	THF	1.0	8.0	no base	0.0	Au/TiO2-VS	Au	0	Ar	0.5	120.0	14.0	7.0	14.0	0	8.0	8.0	0.0	0.0	False
10.1002/chem.201100393	CyH	1.0	8.0	no base	0.0	Au/TiO2-VS	Au	0	Ar	0.5	120.0	14.0	20.0	40.0	0	8.0	8.0	0.0	0.0	False
10.1002/chem.201100393	dioxane	1.0	8.0	no base	0.0	Au/TiO2-VS	Au	0	Ar	0.5	120.0	14.0	28.0	56.0	0	8.0	8.0	0.0	0.0	False
10.1002/chem.201100393	PhMe	1.0	8.0	no base	0.0	Au/TiO2-VS	Au	0	Ar	0.5	120.0	14.0	101.0	202.0	0	8.0	8.0	0.0	0.0	True
10.1002/chem.201100393	PhMe	1.0	8.0	no base	0.0	Au/TiO2-VS	Au	0	Ar	0.5	100.0	14.0	8.0	16.0	0	8.0	8.0	0.0	0.0	False
10.1002/chem.201100393	PhMe	1.0	8.0	no base	0.0	Au/TiO2-VS	Au	0	Ar	0.5	80.0	14.0	2.0	4.0	0	8.0	8.0	0.0	0.0	False
10.1002/chem.201100393	PhMe	1.0	3.0	no base	0.0	Au/TiO2-VS	Au	0	Ar	0.5	120.0	14.0	0.0	0.0	0	3.0	3.0	0.0	0.0	False
10.1002/chem.201100393	PhMe	1.0	5.0	no base	0.0	Au/TiO2-VS	Au	0	Ar	0.5	120.0	8.0	5.0	10.0	0	5.0	5.0	0.0	0.0	False
10.1002/chem.201100393	PhMe	1.0	5.0	no base	0.0	Au/TiO2-VS	Au	0	Ar	0.5	120.0	14.0	72.0	144.0	0	5.0	5.0	0.0	0.0	True
10.1002/chem.201100393	PhMe	1.0	10.0	no base	0.0	Au/TiO2-VS	Au	0	Ar	0.5	120.0	14.0	102.0	204.0	0	5.0	10.0	0.0	0.0	True
10.1002/chem.201100393	PhMe	1.0	15.0	no base	0.0	Au/TiO2-VS	Au	0	Ar	0.5	120.0	14.0	101.0	202.0	0	7.5	15.0	0.0	0.0	True
10.1002/chem.201100393	PhMe	1.0	8.0	no base	0.0	Au/TiO2-VS	Au	0	Ar	0.5	120.0	14.0	99.0	198.0	0	4.0	8.0	0.0	0.0	True
10.1002/chem.201100393	PhMe	1.0	8.0	no base	0.0	Au/TiO2-VS	Au	0	Ar	0.5	120.0	14.0	96.0	192.0	0	4.0	8.0	0.0	0.0	True
10.1002/chem.201100393	PhMe	1.0	8.0	no base	0.0	Au/TiO2	Au	0	Ar	0.5	120.0	14.0	70.0	140.0	0	4.0	8.0	0.0	0.0	True
10.1002/chem.201100393	PhMe	1.0	8.0	no base	0.0	Au/Al2O3	Au	0	Ar	0.5	120.0	14.0	20.0	40.0	0	4.0	8.0	0.0	0.0	False
10.1002/chem.201100393	PhMe	1.0	8.0	no base	0.0	Au/ZnO	Au	0	Ar	0.5	120.0	14.0	13.0	26.0	0	4.0	8.0	0.0	0.0	False
10.1002/chem.201100393	PhMe	1.0	8.0	no base	0.0	Au/Fe2O3	Au	0	Ar	0.5	120.0	14.0	22.0	44.0	0	4.0	8.0	0.0	0.0	False
10.1002/chem.201100393	PhMe	1.0	8.0	no base	0.0	Au/CeO2	Au	0	Ar	0.5	120.0	14.0	20.0	40.0	0	4.0	8.0	0.0	0.0	False
10.1002/chem.201100393	PhMe	1.0	8.0	no base	0.0	Au/ZrO2	Au	0	Ar	0.5	120.0	14.0	54.0	108.0	0	4.0	8.0	0.0	0.0	False
10.1002/chem.201100393	PhMe	1.0	8.0	no base	0.0	Pd/TiO2	Pd	0	Ar	0.5	120.0	14.0	43.0	86.0	0	4.0	8.0	0.0	0.0	False
10.1002/chem.201100393	PhMe	1.0	8.0	no base	0.0	Ru/TiO2	Ru	0	Ar	0.5	120.0	14.0	18.0	36.0	0	8.0	8.0	0.0	0.0	False
10.1002/chem.201100393	PhMe	1.0	8.0	no base	0.0	TiO2	Ti	0	Ar	0.5	120.0	14.0	0.0	0.0	0	22.857142857142858	8.0	0.0	0.0	False
10.1002/asia.201000945	neat	0.2	1.5	no base	0.0	RuCl3*3H2O	Ru	0	Ar	1.0	150.0	16.0	0.0	0.0	0	1.5	7.5	0.0	0.0	False
10.1002/asia.201000945	neat	0.2	1.5	no base	0.0	RuCl2(PPh3)3	Ru	0	Ar	1.0	150.0	16.0	42.0	42.0	0	1.5	7.5	0.0	0.0	False
10.1002/asia.201000945	neat	0.2	1.5	no base	0.0	Ru(CO)(H)Cl(PPh3)3	Ru	0	Ar	1.0	150.0	16.0	74.0	74.0	0	6.0	7.5	0.0	0.0	True
10.1002/asia.201000945	neat	0.2	1.5	no base	0.0	Ru(CO)H2(PPh3)3	Ru	0	Ar	1.0	150.0	16.0	84.0	84.0	0	6.0	7.5	0.0	0.0	True
10.1002/asia.201000945	neat	0.2	1.5	no base	0.0	cymeneRuCl2	Ru	1,5% PPh3	Ar	1.0	150.0	16.0	8.0	8.0	0	1.5	7.5	0.0	0.0	False
10.1002/asia.201000945	neat	0.2	1.5	no base	0.0	Ru(acac)3	Ru	1,5% PPh3	Ar	1.0	150.0	16.0	62.0	62.0	0	0.75	7.5	0.0	0.0	False
10.1002/asia.201000945	neat	0.2	1.5	no base	0.0	Ru(acac)3	Ru	1,5% dppp	Ar	1.0	150.0	16.0	53.0	53.0	0	1.5	7.5	0.0	0.0	False
10.1002/asia.201000945	neat	0.2	1.5	no base	0.0	Ru(acac)3	Ru	1,5% dppb	Ar	1.0	150.0	16.0	49.0	49.0	0	1.5	7.5	0.0	0.0	False
10.1002/asia.201000945	neat	0.2	1.5	no base	0.0	Ru(acac)3	Ru	1,5% dppf	Ar	1.0	150.0	16.0	51.0	51.0	0	3.0	7.5	0.0	0.0	False
10.1002/asia.201000945	neat	0.2	1.5	no base	0.0	Ru(acac)3	Ru	binap	Ar	1.0	150.0	16.0	51.0	51.0	0	0.75	7.5	0.0	0.0	False
10.1002/asia.201000945	neat	0.2	1.5	no base	0.0	Ru(acac)3	Ru	dppe	Ar	1.0	150.0	16.0	61.0	61.0	0	6.0	7.5	0.0	0.0	False
10.1002/asia.201000945	neat	0.2	1.5	NaHCO3	0.2	Ru(acac)3	Ru	dppe	Ar	1.0	150.0	16.0	78.0	78.0	0	1.5	7.5	1.0	0.1333333333333333	True
10.1002/asia.201000945	neat	0.2	1.5	KHCO3	0.2	Ru(acac)3	Ru	dppe	Ar	1.0	150.0	16.0	85.0	85.0	0	1.5	7.5	1.0	0.1333333333333333	True
10.1002/asia.201000945	xylene	0.2	1.5	KHCO3	0.2	Ru(acac)3	Ru	dppe	Ar	1.0	150.0	16.0	40.0	40.0	0	1.5	7.5	1.0	0.1333333333333333	False
10.1002/asia.201000945	DMF	0.2	1.5	KHCO3	0.2	Ru(acac)3	Ru	dppe	Ar	1.0	150.0	16.0	80.0	80.0	0	6.0	7.5	1.0	0.1333333333333333	True
10.1002/asia.201000945	DMSO	0.2	1.5	KHCO3	0.2	Ru(acac)3	Ru	dppe	Ar	1.0	150.0	16.0	3.0	3.0	0	0.75	7.5	1.0	0.1333333333333333	False
10.1002/asia.201000945	PhCl	0.2	1.5	KHCO3	0.2	Ru(acac)3	Ru	dppe	Ar	1.0	150.0	16.0	94.0	94.0	0	0.75	7.5	1.0	0.1333333333333333	True
10.1002/asia.201000945	PhCl	0.2	2.0	KHCO3	0.2	Ru(acac)3	Ru	dppe	Ar	1.0	150.0	16.0	19.0	19.0	0	1.6666666666666667	10.0	1.0	0.1	False
10.1039/c1cc11609f	neat	0.3	1.8	tBuOK	0.6	(P~N)Ru(dmso)2Cl2		0	no data	1.0	110.0	24.0	58.0	58.0	0	1.5	6.0	2.0	0.3333333333333333	False
10.1039/c1cc11609f	neat	0.3	1.8	tBuOK	0.6	(P~N)Ru(CO)2Cl2		0	no data	1.0	110.0	24.0	97.0	97.0	0	0.3	6.0	2.0	0.3333333333333333	True
10.1039/c1cc11609f	neat	0.3	0.3	tBuOK	0.1	(P~N)Ru(CO)2Cl2		0	no data	1.0	110.0	24.0	0.0	0.0	1 atm H2	0.6	1.0	0.3333333333333333	0.3333333333333333	False
10.1039/c1cc11609f	neat	0.3	1.8	tBuOK	0.6	(P~N)Ru(dmso)(MeCN)Cl2		0	no data	1.0	110.0	24.0	60.0	60.0	0	3.6	6.0	2.0	0.3333333333333333	False
10.1039/c1cc11609f	neat	0.3	1.8	tBuOK	1.2	RuCl2(CO)3(THF)		1% dppe	no data	1.0	110.0	24.0	71.0	71.0	0	1.8	6.0	4.0	0.6666666666666666	True
10.1039/c1cc11609f	neat	0.3	1.8	tBuOK	0.6	RuCl2(CO)3(THF)		0	no data	1.0	110.0	24.0	5.0	5.0	0	9.0	6.0	2.0	0.3333333333333333	False
10.1002/ejic.201100647	neat	0.3	3.6	tBuOK	0.8999999999999999	Ru(II)L1Cl(CO)2 (4)	Ru	0	N2	1.0	150.0	24.0	97.0	97.0	L=C6H4(o-PPh2)(o-N=CH)C6H4(O)	7.2	12.0	3.0	0.2499999999999999	True
10.1002/chem.201003095	neat	1.0	5.0	K2CO3	0.15	cymeneRuCl2	Ru	0	Ar	2.5	130.0	12.0	0.0	0.0	0	5.0	5.0	0.15	0.03	False
10.1002/chem.201003095	neat	1.0	5.0	K2CO3	0.15	cymeneRuCl2	Ru	5% bpy	Ar	2.5	130.0	12.0	0.0	0.0	0	5.0	5.0	0.15	0.03	False
10.1002/chem.201003095	neat	1.0	5.0	K2CO3	0.15	cymeneRuCl2	Ru	5% TMEDA	Ar	2.5	130.0	12.0	6.0	2.4	0	5.0	5.0	0.15	0.03	False
10.1002/chem.201003095	neat	1.0	5.0	K2CO3	0.15	cymeneRuCl2	Ru	5% phen	Ar	2.5	130.0	12.0	2.0	0.8	0	5.0	5.0	0.15	0.03	False
10.1002/chem.201003095	neat	1.0	5.0	K2CO3	0.15	cymeneRuCl2	Ru	5% PPh3	Ar	2.5	130.0	12.0	23.0	9.2	0	5.0	5.0	0.15	0.03	False
10.1002/chem.201003095	neat	1.0	5.0	K2CO3	0.15	cymeneRuCl2	Ru	5% dppe	Ar	2.5	130.0	12.0	13.0	5.2	0	5.0	5.0	0.15	0.03	False
10.1002/chem.201003095	neat	1.0	5.0	K2CO3	0.15	cymeneRuCl2	Ru	5% dppp	Ar	2.5	130.0	12.0	33.0	13.2	0	5.0	5.0	0.15	0.03	False
10.1002/chem.201003095	neat	1.0	5.0	K2CO3	0.15	cymeneRuCl2	Ru	5% dppb	Ar	2.5	130.0	12.0	40.0	16.0	0	10.0	5.0	0.15	0.03	False
10.1002/chem.201003095	neat	1.0	5.0	K2CO3	0.15	cymeneRuCl2	Ru	5% dppf	Ar	2.5	130.0	12.0	21.0	8.4	0	10.0	5.0	0.15	0.03	False
10.1002/chem.201003095	neat	1.0	5.0	no base	0.0	cymeneRuCl2	Ru	5% dppb	Ar	2.5	130.0	12.0	0.0	0.0	0	5.0	5.0	0.0	0.0	False
10.1002/chem.201003095	neat	1.0	5.0	tBuOK	0.15	cymeneRuCl2	Ru	5% dppb	Ar	2.5	130.0	12.0	8.0	3.2	0	5.0	5.0	0.15	0.03	False
10.1002/chem.201003095	neat	1.0	5.0	Na2CO3	0.15	cymeneRuCl2	Ru	5% dppb	Ar	2.5	130.0	12.0	12.0	4.8	0	5.0	5.0	0.15	0.03	False
10.1002/chem.201003095	neat	1.0	5.0	KOH	0.15	cymeneRuCl2	Ru	5% dppb	Ar	2.5	130.0	12.0	13.0	5.2	0	10.0	5.0	0.15	0.03	False
10.1002/chem.201003095	neat	1.0	8.0	K2CO3	0.15	cymeneRuCl2	Ru	5% dppb	Ar	2.5	130.0	12.0	97.0	38.8	0	16.0	8.0	0.15	0.01875	True
10.1002/chem.201003095	neat	1.0	8.0	K2CO3	0.15	(benzene)RuCl2	Ru	5% dppb	Ar	2.5	130.0	12.0	55.0	22.0	0	16.0	8.0	0.15	0.01875	False
10.1002/chem.201003095	neat	1.0	8.0	K2CO3	0.15	RuCl3	Ru	5% dppb	Ar	2.5	130.0	12.0	14.0	5.6	0	16.0	8.0	0.15	0.01875	False
10.1039/c2cc34178f	xylene	1.0	1.0	K2CO3	0.1	Au/Ag-Mo-NR	Au	11 equiv. glycerol	Ar	0.06	150.0	24.0	91.0	1516.6666666666667	0	2.0	1.0	0.1	0.1	True
10.1002/chem.201103657	neat	0.3	10.0	Cs2CO3	0.3	NHC(AuCl)2	Au	0	air	1.0	100.0	22.0	0.0	0.0	0	10.0	33.333333333333336	1.0	0.03	False
10.1002/chem.201103657	neat	0.3	10.0	Cs2CO3	0.3	Cp*IrCl2NHCAuCl	Ir	0	air	1.0	100.0	22.0	2.0	2.0	0	10.0	33.333333333333336	1.0	0.03	False
10.1002/chem.201103657	neat	0.3	10.0	Cs2CO3	0.3	(Cp*IrCl2)2NHC	Ir	0	air	1.0	100.0	22.0	0.0	0.0	0	10.0	33.333333333333336	1.0	0.03	False
10.1002/chem.201103657	neat	0.3	10.0	Cs2CO3	0.3	NHC(AuCl)2	Au	MS 4A	air	1.0	100.0	15.0	0.0	0.0	0	40.0	33.333333333333336	1.0	0.03	False
10.1002/chem.201103657	neat	0.3	10.0	Cs2CO3	0.3	Cp*IrCl2NHCAuCl	Ir	MS 4A	air	1.0	100.0	15.0	0.0	0.0	0	10.0	33.333333333333336	1.0	0.03	False
10.1002/chem.201103657	neat	0.3	10.0	Cs2CO3	0.3	(Cp*IrCl2)2NHC	Ir	MS 4A	air	1.0	100.0	15.0	12.0	12.0	0	9.09090909090909	33.333333333333336	1.0	0.03	False
10.1021/cs400049b	neat	1.0	1.0	K2CO3	0.1	RuCl3	Ru	10% PPh3, 16,3 equiv. glycerol	Ar	2.5	130.0	24.0	44.0	17.6	0	0.5	1.0	0.1	0.1	False
10.1021/cs400049b	PhCF3	1.0	1.0	K2CO3	0.1	RuCl3	Ru	0	Ar	2.5	130.0	24.0	18.0	7.2	0	0.5	1.0	0.1	0.1	False
10.1021/cs400049b	PhCF3	1.0	1.0	no base	0.0	RuCl3	Ru	10% PPh3, 16,3 equiv. glycerol	Ar	2.5	130.0	24.0	4.0	1.6	0	2.0	1.0	0.0	0.0	False
10.1021/cs400049b	PhCF3	1.0	1.0	K2CO3	0.1	RuCl3	Ru	10% PPh3, 16,3 equiv. glycerol	Ar	2.5	130.0	24.0	91.0	36.4	0	1.0	1.0	0.1	0.1	True
10.1021/cs400049b	THF	1.0	1.0	K2CO3	0.1	RuCl3	Ru	10% PPh3, 16,3 equiv. glycerol	Ar	2.5	130.0	24.0	8.0	3.2	0	1.0	1.0	0.1	0.1	False
10.1021/cs400049b	PhMe	1.0	1.0	K2CO3	0.1	RuCl3	Ru	10% PPh3, 16,3 equiv. glycerol	Ar	2.5	130.0	24.0	55.0	22.0	0	0.3333333333333333	1.0	0.1	0.1	False
10.1021/cs400049b	dioxane	1.0	1.0	K2CO3	0.1	RuCl3	Ru	10% PPh3, 16,3 equiv. glycerol	Ar	2.5	130.0	24.0	13.0	5.2	0	0.3333333333333333	1.0	0.1	0.1	False
10.1021/cs400049b	PhCF3	1.0	1.0	K2CO3	0.1	cymeneRuCl2	Ru	10% PPh3, 16,3 equiv. glycerol	Ar	2.5	130.0	24.0	9.0	3.6	0	0.3333333333333333	1.0	0.1	0.1	False
10.1021/cs400049b	PhCF3	1.0	1.0	K2CO3	0.1	(benzene)RuCl2	Ru	10% PPh3, 16,3 equiv. glycerol	Ar	2.5	130.0	24.0	43.0	17.2	0	2.0	1.0	0.1	0.1	False
10.1021/cs400049b	PhCF3	1.0	1.0	K2CO3	0.1	Ru3(CO)12	Ru	10% PPh3, 16,3 equiv. glycerol	Ar	2.5	130.0	24.0	35.0	14.0	0	1.0	1.0	0.1	0.1	False
10.1021/cs400049b	PhCF3	1.0	1.0	K2CO3	0.1	RuCl3	Ru	10% dppe, 16,3 equiv. glycerol	Ar	2.5	130.0	24.0	36.0	14.4	0	0.5	1.0	0.1	0.1	False
10.1021/cs400049b	PhCF3	1.0	1.0	K2CO3	0.1	RuCl3	Ru	10% dppp, 16,3 equiv. glycerol	Ar	2.5	130.0	24.0	60.0	24.0	0	10.0	1.0	0.1	0.1	False
10.1021/cs400049b	PhCF3	1.0	1.0	K2CO3	0.1	RuCl3	Ru	10% dppb, 16,3 equiv. glycerol	Ar	2.5	130.0	24.0	44.0	17.6	0	1.0	1.0	0.1	0.1	False
10.1021/cs400049b	PhCF3	1.0	1.0	K2CO3	0.1	RuCl3	Ru	10% bpy, 16,3 equiv. glycerol	Ar	2.5	130.0	24.0	1.0	0.4	0	20.0	1.0	0.1	0.1	False
10.1021/cs400049b	PhCF3	1.0	1.0	K2CO3	0.1	RuCl3	Ru	10% TMEDA, 16,3 equiv. glycerol	Ar	2.5	130.0	24.0	21.0	8.4	0	0.8333333333333334	1.0	0.1	0.1	False
10.1021/cs400049b	PhCF3	1.0	1.0	K2CO3	0.1	RuCl3	Ru	10% phen, 16,3 equiv. glycerol	Ar	2.5	130.0	24.0	9.0	3.6	0	20.0	1.0	0.1	0.1	False
10.1021/cs400049b	PhCF3	1.0	1.0	tBuOK	0.1	RuCl3	Ru	10% PPh3, 16,3 equiv. glycerol	Ar	2.5	130.0	24.0	58.0	23.2	0	20.0	1.0	0.1	0.1	False
10.1021/cs400049b	PhCF3	1.0	1.0	Na2CO3	0.1	RuCl3	Ru	10% PPh3, 16,3 equiv. glycerol	Ar	2.5	130.0	24.0	67.0	26.8	0	20.0	1.0	0.1	0.1	True
10.1021/cs400049b	PhCF3	1.0	1.0	KOH	0.1	RuCl3	Ru	10% PPh3, 16,3 equiv. glycerol	Ar	2.5	130.0	24.0	72.0	28.8	0	20.0	1.0	0.1	0.1	True
10.1016/j.apcata.2013.10.033	PhMe	0.5	1.5	no base	0.0	2 wt% Pd/γ-Al2O3		0	N2	2.0	130.0	24.0	2.0	1.0	0	0.75	3.0	0.0	0.0	False
10.1016/j.apcata.2013.10.033	PhMe	0.5	1.5	no base	0.0	2 wt% Pd/TiO2		0	N2	2.0	130.0	24.0	15.0	7.5	0	0.75	3.0	0.0	0.0	False
10.1016/j.apcata.2013.10.033	PhMe	0.5	1.5	no base	0.0	10 wt% Pd/C		0	N2	2.0	130.0	24.0	2.0	1.0	0	0.6	3.0	0.0	0.0	False
10.1016/j.apcata.2013.10.033	PhMe	0.5	1.5	no base	0.0	2 wt% Pd/HAP		0	N2	2.0	130.0	24.0	4.0	2.0	0	2.727272727272727	3.0	0.0	0.0	False
10.1016/j.apcata.2013.10.033	PhMe	0.5	1.5	no base	0.0	2 wt% Pd/MgO		0	N2	2.0	130.0	24.0	9.0	4.5	0	1.5	3.0	0.0	0.0	False
10.1016/j.apcata.2013.10.033	PhMe	0.5	1.5	no base	0.0	2 wt% Pd/HT		0	N2	2.0	130.0	24.0	7.0	3.5	0	0.2918287937743191	3.0	0.0	0.0	False
10.1016/j.apcata.2013.10.033	PhMe	0.5	1.5	no base	0.0	2 wt% Pd/HT		0	N2	2.0	130.0	12.0	7.0	3.5	0	2.727272727272727	3.0	0.0	0.0	False
10.1016/j.apcata.2013.10.033	PhMe	0.5	1.5	no base	0.0	1 wt% Pd/HT		0	N2	2.0	130.0	24.0	5.0	2.5	0	0.75	3.0	0.0	0.0	False
10.1016/j.apcata.2013.10.033	PhMe	0.5	1.5	no base	0.0	1 wt% Pd/HT		0	N2	2.0	130.0	24.0	13.0	6.5	0	0.2830188679245283	3.0	0.0	0.0	False
10.1016/j.apcata.2013.10.033	PhMe	0.5	1.5	no base	0.0	1 wt% Pd/CoAl-HT		0	N2	2.0	130.0	24.0	5.0	2.5	0	30.0	3.0	0.0	0.0	False
10.1016/j.apcata.2013.10.033	PhMe	0.5	1.5	no base	0.0	HT		0	N2	2.0	130.0	24.0	0.0	0.0	0	1.5	3.0	0.0	0.0	False
10.1016/j.apcata.2013.10.033	PhMe	0.5	1.5	no base	0.0	1 wt% Pd/HT		0	N2	2.0	130.0	24.0	6.0	3.0	0	0.75	3.0	0.0	0.0	False
10.1039/C4NJ01851F	H2O	0.025	4.8	no base	0.0	TiO2	Ti	0	N2	501.0	25.0	4.0	0.0	0.0	>300 nm	0.9056603773584906	192.0	0.0	0.0	False
10.1039/C4NJ01851F	H2O	0.025	4.8	no base	0.0	0,5 wt% Pd/TiO2		0	N2	0.19	25.0	4.0	56.0	294.7368421052632	>300 nm	0.9056603773584906	192.0	0.0	0.0	False
10.1039/C4NJ01851F	H2O	0.025	4.8	no base	0.0	1 wt% Pd/TiO2		0	N2	3.8	25.0	4.0	64.0	16.842105263157894	>300 nm	9.6	192.0	0.0	0.0	False
10.1039/C4NJ01851F	H2O	0.025	4.8	no base	0.0	2 wt% Pd/TiO2		0	N2	7.5	25.0	4.0	96.0	12.8	>300 nm	0.933852140077821	192.0	0.0	0.0	True
10.1039/C4NJ01851F	H2O	0.025	4.8	no base	0.0	4 wt% Pd/TiO2		0	N2	15.0	25.0	4.0	71.0	4.733333333333333	>300 nm	9.6	192.0	0.0	0.0	True
10.1039/C4NJ01851F	H2O	0.025	4.8	no base	0.0	2 wt% Pt/TiO2		0	N2	4.1	25.0	4.0	2.0	0.4878048780487805	>300 nm	0.933852140077821	192.0	0.0	0.0	False
10.1039/C4NJ01851F	H2O	0.025	4.8	no base	0.0	2 wt% Ag/TiO2		0	N2	7.4	25.0	4.0	8.0	1.081081081081081	>300 nm	9.6	192.0	0.0	0.0	False
10.1039/C4NJ01851F	H2O	0.025	4.8	no base	0.0	2 wt% Au/TiO2		0	N2	4.1	25.0	4.0	3.0	0.7317073170731708	>300 nm	0.933852140077821	192.0	0.0	0.0	False
10.1039/C4NJ01851F	H2O	0.5	48.0	no base	0.0	2 wt% Pd/TiO2		0	N2	3.75	25.0	72.0	85.0	22.666666666666668	>300 nm	16.0	96.0	0.0	0.0	True
10.1002/chem.201603901	PhMe	0.2	9.6	tBuOK	0.12	(p-cymene)Ru(N^NHC1)ClPF6	Ru	0	N2	3.0	120.0	24.0	0.0	0.0	0	1.8113207547169807	47.99999999999999	0.6	0.0125	False
10.1002/chem.201603901	PhMe	0.2	9.6	tBuOK	0.12	(p-cymene)Ru(N^NHC2)ClPF6	Ru	0	N2	3.0	120.0	24.0	0.0	0.0	0	9.6	47.99999999999999	0.6	0.0125	False
10.1002/chem.201603901	PhMe	0.2	9.6	tBuOK	0.12	(p-cymene)Ru(NHC1^NHC1)ClPF6	Ru	0	N2	3.0	120.0	24.0	11.0	3.6666666666666665	0	1.867704280155642	47.99999999999999	0.6	0.0125	False
10.1002/chem.201603901	PhMe	0.2	9.6	tBuOK	0.12	(p-cymene)Ru(NHC2^NHC2)ClPF6	Ru	0	N2	3.0	120.0	24.0	0.0	0.0	0	3.2	47.99999999999999	0.6	0.0125	False
10.1002/chem.201603901	PhMe	0.2	2.0	KOH	0.12	(p-cymene)Ru(NHC1^NHC1)ClPF6	Ru	0	N2	3.0	120.0	24.0	10.0	3.333333333333333	0	0.6666666666666666	10.0	0.6	0.06	False
10.1002/chem.201603901	PhMe	0.2	2.0	K2CO3	0.12	(p-cymene)Ru(NHC1^NHC1)ClPF6	Ru	0	N2	3.0	120.0	24.0	17.0	5.666666666666667	0	2.0	10.0	0.6	0.06	False
10.1002/chem.201603901	PhMe	0.2	2.0	tBuOK	0.12	(p-cymene)Ru(NHC1^NHC1)ClPF6	Ru	0	N2	3.0	120.0	24.0	9.0	3.0	0	0.3891050583657587	10.0	0.6	0.06	False
10.1002/chem.201603901	PhMe	0.2	2.0	KOt-Amyl	0.12	(p-cymene)Ru(NHC1^NHC1)ClPF6	Ru	0	N2	3.0	120.0	24.0	99.0	33.0	0	0.3891050583657587	10.0	0.6	0.06	True
10.1002/chem.201603901	PhMe	0.2	2.0	KOt-Amyl	0.12	(p-cymene)Ru(NHC1^NHC1)ClPF6	Ru	0	N2	3.0	120.0	24.0	85.0	28.33333333333333	0	2.0	10.0	0.6	0.06	True
10.1002/chem.201603901	PhMe	0.2	2.0	KOt-Amyl	0.12	(p-cymene)Ru(NHC1^NHC1)ClPF6	Ru	0	N2	3.0	120.0	12.0	95.0	31.666666666666668	0	4.0	10.0	0.6	0.06	True
10.1002/chem.201603901	PhMe	0.2	2.0	KOt-Amyl	0.12	(p-cymene)Ru(NHC1^NHC1)ClPF6	Ru	0	N2	3.0	120.0	7.0	92.0	30.666666666666668	0	4.0	10.0	0.6	0.06	True
10.1002/chem.201603901	PhMe	0.2	2.0	KOt-Amyl	0.12	(p-cymene)Ru(NHC1^NHC1)ClPF6	Ru	0	N2	3.0	100.0	12.0	78.0	26.0	0	2.0	10.0	0.6	0.06	True
10.1002/chem.201603901	PhMe	0.2	2.0	KOt-Amyl	0.12	(p-cymene)Ru(NHC1^NHC1)ClPF6	Ru	0	N2	1.0	120.0	12.0	92.0	92.0	0	0.3891050583657587	10.0	0.6	0.06	True
10.1002/chem.201603901	PhMe	0.2	2.0	KOt-Amyl	0.12	(p-cymene)Ru(NHC1^NHC1)ClPF6	Ru	0	N2	1.0	100.0	12.0	75.0	75.0	0	4.0	10.0	0.6	0.06	True
10.1002/chem.201603901	PhMe	0.2	2.0	KOt-Amyl	0.12	(p-cymene)Ru(NHC1^NHC1)ClPF6	Ru	0	N2	4.0	120.0	3.0	73.0	18.25	0	4.0	10.0	0.6	0.06	True
10.1002/chem.201603901	PhMe	0.2	2.0	KOt-Amyl	0.12	(p-cymene)Ru(N^NHC1)ClPF6	Ru	0	N2	3.0	120.0	7.0	85.0	28.33333333333333	0	2.0	10.0	0.6	0.06	True
10.1002/chem.201603901	PhMe	0.2	2.0	KOt-Amyl	0.12	(p-cymene)Ru(N^NHC2)ClPF6	Ru	0	N2	3.0	120.0	7.0	92.0	30.666666666666668	0	2.0	10.0	0.6	0.06	True
10.1002/chem.201603901	PhMe	0.2	2.0	KOt-Amyl	0.12	(p-cymene)Ru(NHC1^NHC1)ClPF6	Ru	0	N2	3.0	120.0	7.0	95.0	31.666666666666668	0	4.0	10.0	0.6	0.06	True
10.1002/chem.201603901	PhMe	0.2	2.0	KOt-Amyl	0.12	(p-cymene)Ru(NHC2^NHC2)ClPF6	Ru	0	N2	3.0	120.0	7.0	70.0	23.33333333333333	0	4.0	10.0	0.6	0.06	True
10.1002/chem.201603901	PhMe	0.2	2.0	KOt-Amyl	0.12	cymeneRuCl2	Ru	0	N2	3.0	120.0	7.0	40.0	13.333333333333334	0	2.0	10.0	0.6	0.06	False
10.1002/chem.201603901	PhMe	0.2	2.0	KOt-Amyl	0.12	no		0	N2	0.0	120.0	7.0	30.0	inf	0	0.3891050583657587	10.0	0.6	0.06	False
10.1016/j.tet.2016.05.036	neat	1.0	3.0	K2CO3	1.0	RuCl2(PPh3)3	Ru	0	N2	3.0	130.0	24.0	0.0	0.0	0	3.0	3.0	1.0	0.3333333333333333	False
10.1016/j.tet.2016.05.036	neat	1.0	3.0	K2CO3	1.0	Ru3(CO)12	Ru	0	N2	3.0	130.0	24.0	0.0	0.0	0	3.0	3.0	1.0	0.3333333333333333	False
10.1016/j.tet.2016.05.036	neat	1.0	3.0	K2CO3	1.0	cymeneRuCl2	Ru	0	N2	3.0	130.0	24.0	0.0	0.0	0	3.0	3.0	1.0	0.3333333333333333	False
10.1016/j.tet.2016.05.036	neat	1.0	3.0	K2CO3	1.0	RuCl3*3H2O	Ru	0	N2	3.0	130.0	24.0	0.0	0.0	0	3.0	3.0	1.0	0.3333333333333333	False
10.1016/j.tet.2016.05.036	neat	1.0	3.0	NaOH	1.0	RuCl3*3H2O	Ru	0	N2	3.0	130.0	24.0	0.0	0.0	0	3.0	3.0	1.0	0.3333333333333333	False
10.1016/j.tet.2016.05.036	neat	1.0	3.0	KOH	1.0	RuCl3*3H2O	Ru	0	N2	3.0	130.0	24.0	0.0	0.0	0	3.0	3.0	1.0	0.3333333333333333	False
10.1016/j.tet.2016.05.036	neat	1.0	3.0	K3PO4	1.0	RuCl3*3H2O	Ru	0	N2	3.0	130.0	24.0	0.0	0.0	0	1.0	3.0	1.0	0.3333333333333333	False
10.1016/j.tet.2016.05.036	neat	1.0	3.0	Cs2CO3	1.0	RuCl3*3H2O	Ru	0	N2	3.0	130.0	24.0	0.0	0.0	0	6.0	3.0	1.0	0.3333333333333333	False
10.1016/j.tet.2016.05.036	neat	1.0	3.0	tBuOK	1.0	RuCl3*3H2O	Ru	0	N2	3.0	130.0	24.0	0.0	0.0	0	1.0	3.0	1.0	0.3333333333333333	False
10.1016/j.tet.2016.05.036	neat	1.0	3.0	EtONa	1.0	RuCl3*3H2O	Ru	0	N2	3.0	130.0	24.0	0.0	0.0	0	1.0	3.0	1.0	0.3333333333333333	False
10.1016/j.tet.2016.05.036	neat	1.0	3.0	Et3N	1.0	RuCl3*3H2O	Ru	0	N2	3.0	130.0	24.0	0.0	0.0	0	1.5	3.0	1.0	0.3333333333333333	False
10.1016/j.tet.2016.05.036	neat	1.0	3.0	K2CO3	1.0	RuCl3*3H2O	Ru	0	N2	3.0	130.0	24.0	0.0	0.0	0	1.5	3.0	1.0	0.3333333333333333	False
10.1016/j.tet.2016.05.036	neat	1.0	10.0	K2CO3	1.0	RuCl3*3H2O	Ru	0	N2	3.0	130.0	24.0	0.0	0.0	0	5.0	10.0	1.0	0.1	False
10.1016/j.tet.2016.05.036	neat	1.0	2.0	K2CO3	1.0	RuCl3*3H2O	Ru	0	N2	3.0	130.0	24.0	0.0	0.0	0	2.0	2.0	1.0	0.5	False
10.1016/j.tet.2016.05.036	neat	1.0	1.5	K2CO3	1.0	RuCl3*3H2O	Ru	0	N2	3.0	130.0	24.0	0.0	0.0	0	0.2918287937743191	1.5	1.0	0.6666666666666666	False
10.1016/j.tet.2016.05.036	neat	1.0	1.0	K2CO3	1.0	RuCl3*3H2O	Ru	0	N2	3.0	130.0	24.0	0.0	0.0	0	1.818181818181818	1.0	1.0	1.0	False
10.1016/j.tet.2016.05.036	neat	1.0	3.0	K2CO3	1.0	RuCl3*3H2O	Ru	10 equiv. glycerol	N2	3.0	130.0	24.0	84.0	28.0	0	1.5	3.0	1.0	0.3333333333333333	True
10.1016/j.tet.2016.05.036	neat	1.0	3.0	K2CO3	1.0	RuCl3*3H2O	Ru	10 equiv. iPrOH	N2	3.0	130.0	24.0	0.0	0.0	0	5.454545454545454	3.0	1.0	0.3333333333333333	False
10.1016/j.tet.2016.05.036	neat	1.0	3.0	K2CO3	1.0	RuCl3*3H2O	Ru	10 equiv. pinacol	N2	3.0	130.0	24.0	0.0	0.0	0	3.0	3.0	1.0	0.3333333333333333	False
10.1016/j.tet.2016.05.036	neat	1.0	3.0	NaOH	1.0	RuCl3*3H2O	Ru	10 equiv. glycerol	N2	3.0	130.0	24.0	32.0	10.666666666666666	0	3.0	3.0	1.0	0.3333333333333333	False
10.1016/j.tet.2016.05.036	neat	1.0	3.0	KOH	1.0	RuCl3*3H2O	Ru	10 equiv. glycerol	N2	3.0	130.0	24.0	30.0	10.0	0	1.5	3.0	1.0	0.3333333333333333	False
10.1016/j.tet.2016.05.036	neat	1.0	3.0	tBuOK	1.0	RuCl3*3H2O	Ru	10 equiv. glycerol	N2	3.0	130.0	24.0	81.0	27.0	0	0.5836575875486382	3.0	1.0	0.3333333333333333	True
10.1016/j.tet.2016.05.036	neat	1.0	3.0	EtONa	1.0	RuCl3*3H2O	Ru	10 equiv. glycerol	N2	3.0	130.0	24.0	53.0	17.666666666666668	0	3.0	3.0	1.0	0.3333333333333333	False
10.1016/j.tet.2016.05.036	neat	1.0	3.0	K3PO4	1.0	RuCl3*3H2O	Ru	10 equiv. glycerol	N2	3.0	130.0	24.0	6.0	2.0	0	1.5	3.0	1.0	0.3333333333333333	False
10.1016/j.tet.2016.05.036	neat	1.0	3.0	Cs2CO3	1.0	RuCl3*3H2O	Ru	10 equiv. glycerol	N2	3.0	130.0	24.0	69.0	23.0	0	1.5	3.0	1.0	0.3333333333333333	True
10.1016/j.tet.2016.05.036	neat	1.0	3.0	Et3N	1.0	RuCl3*3H2O	Ru	10 equiv. glycerol	N2	3.0	130.0	24.0	3.0	1.0	0	1.5	3.0	1.0	0.3333333333333333	False
10.1016/j.tet.2016.05.036	neat	1.0	3.0	K2CO3	1.0	RuCl3*3H2O	Ru	10 equiv. glycerol	N2	3.0	150.0	24.0	85.0	28.33333333333333	0	0.3	3.0	1.0	0.3333333333333333	True
10.1016/j.tet.2016.05.036	neat	1.0	2.0	K2CO3	1.0	RuCl3*3H2O	Ru	10 equiv. glycerol	N2	3.0	130.0	24.0	83.0	27.666666666666668	0	1.0	2.0	1.0	0.5	True
10.1016/j.tet.2016.05.036	neat	1.0	1.5	K2CO3	1.0	RuCl3*3H2O	Ru	10 equiv. glycerol	N2	3.0	130.0	24.0	84.0	28.0	0	1.5	1.5	1.0	0.6666666666666666	True
10.1016/j.tet.2016.05.036	neat	1.0	1.2	K2CO3	1.0	RuCl3*3H2O	Ru	10 equiv. glycerol	N2	3.0	130.0	24.0	61.0	20.33333333333333	0	1.2	1.2	1.0	0.8333333333333334	False
10.1016/j.tet.2016.05.036	neat	1.0	1.0	K2CO3	1.0	RuCl3*3H2O	Ru	10 equiv. glycerol	N2	3.0	130.0	24.0	45.0	15.0	0	1.818181818181818	1.0	1.0	1.0	False
10.1016/j.jcat.2018.02.005	PhCF3	0.5	5.0	no base	0.0	Pd-Ti-NS	Pd	0	N2	0.37	25.0	8.0	84.0	227.02702702702703	<700nm	5.0	10.0	0.0	0.0	True
10.1016/j.jcat.2018.02.005	PhCF3	0.5	5.0	no base	0.0	Pd-Ti-NS	Pd	0	N2	0.37	25.0	8.0	0.0	0.0	0	5.0	10.0	0.0	0.0	False
10.1016/j.jcat.2018.02.005	PhCF3	0.5	5.0	no base	0.0	Ti-NS	Ti	0	N2	47.0	25.0	8.0	0.0	0.0	<700nm	5.0	10.0	0.0	0.0	False
10.1016/j.jcat.2018.02.005	PhCF3	0.5	5.0	no base	0.0	Pd-Ti-NS	Pd	0	N2	0.37	60.0	8.0	0.0	0.0	0	2.5	10.0	0.0	0.0	False
10.1016/j.jcat.2018.02.005	PhCF3	0.5	5.0	no base	0.0	Pd-Ti-NS	Pd	0	N2	0.37	80.0	8.0	0.0	0.0	0	2.5	10.0	0.0	0.0	False
10.1021/acs.organomet.8b00642	neat	0.3	9.6	Cs2CO3	0.3	Cp*Rh(C^NHC3)I	Rh	0,5% (NHC3)AuCl	air	0.5	100.0	22.0	18.0	36.0	0	17.454545454545453	32.0	1.0	0.03125	False
10.1021/acs.organomet.8b00642	neat	0.3	9.6	Cs2CO3	0.3	Cp*Ir(C^NHC3)I	Ir	0,5% (NHC3)AuCl	air	0.5	100.0	22.0	6.0	12.0	0	1.867704280155642	32.0	1.0	0.03125	False
10.1021/acs.organomet.8b00642	neat	0.3	9.6	Cs2CO3	0.3	Cp*Ir(C^NHC3)I	Ir	0	air	0.5	100.0	22.0	3.0	6.0	0	9.6	32.0	1.0	0.03125	False
10.1021/acs.organomet.8b00642	neat	0.3	9.6	Cs2CO3	0.3	(NHC3)AuCl	Au	0	air	0.5	100.0	22.0	0.0	0.0	0	1.867704280155642	32.0	1.0	0.03125	False
10.1021/acs.organomet.8b00642	neat	0.3	9.6	Cs2CO3	0.3	no		0	air	0.5	100.0	22.0	0.0	0.0	0	4.8	32.0	1.0	0.03125	False
10.1021/acs.organomet.8b00642	neat	0.3	9.6	Cs2CO3	0.3	Cp*Rh(C^NHC1)I	Rh	0,5% Au в составе катализатора 	air	0.5	100.0	22.0	13.0	26.0	0	4.8	32.0	1.0	0.03125	False
10.1021/acs.organomet.8b00642	neat	0.3	9.6	Cs2CO3	0.3	Cp*Ir(C^NHC1)I	Ir	0,5% Au в составе катализатора 	air	0.5	100.0	22.0	5.0	10.0	0	4.8	32.0	1.0	0.03125	False
10.1021/acs.organomet.8b00642	neat	0.3	9.6	Cs2CO3	0.3	Cp*Rh(C^NHC2)I	Rh	0,5% Au в составе катализатора 	air	0.5	100.0	22.0	48.0	96.0	0	9.6	32.0	1.0	0.03125	False
10.1021/acs.organomet.8b00642	neat	0.3	9.6	Cs2CO3	0.3	Cp*Ir(C^NHC2)I	Ir	0,5% Au в составе катализатора 	air	0.5	100.0	22.0	82.0	164.0	0	4.8	32.0	1.0	0.03125	True
10.1021/acs.organomet.8b00642	neat	0.3	9.6	Cs2CO3	0.3	Cp*Ir(C^NHC2)I	Ir	0,25% Au в составе катализатора 	air	0.25	100.0	22.0	51.0	204.0	0	4.8	32.0	1.0	0.03125	False
10.1021/acs.organomet.8b00642	neat	0.3	9.6	Cs2CO3	0.3	Cp*Ir(C^NHC2)I	Ir	0,1% Au в составе катализатора 	air	0.1	100.0	22.0	43.0	430.0	0	17.454545454545453	32.0	1.0	0.03125	False
10.1039/C8GC03818J	neat	2.0	24.0	no base	0.0	Co-N-C/CNT@AC	Co	0	N2	16.9	160.0	38.0	104.0	6.153846153846154	>420 nm	24.0	12.0	0.0	0.0	True
10.1016/j.jcat.2018.12.011	neat	0.2	28.9	no base	0.0	CdS	Cd	0	N2	34.6	20.0	0.42	0.0	0.0	>420 nm	52.54545454545454	144.49999999999997	0.0	0.0	False
10.1016/j.jcat.2018.12.011	neat	0.2	28.9	no base	0.0	CdS	Cd	0	N2	34.6	20.0	0.5	0.0	0.0	>420 nm	14.45	144.49999999999997	0.0	0.0	False
10.1016/j.jcat.2018.12.011	neat	0.2	28.9	no base	0.0	CdS	Cd	0	N2	34.6	20.0	0.58	0.0	0.0	>420 nm	57.8	144.49999999999997	0.0	0.0	False
10.1016/j.jcat.2018.12.011	neat	0.2	28.9	no base	0.0	CdS	Cd	0	N2	34.6	20.0	1.0	0.0	0.0	>420 nm	28.9	144.49999999999997	0.0	0.0	False
10.1016/j.jcat.2018.12.011	neat	0.2	28.9	no base	0.0	no		0	N2	0.0	20.0	0.42	0.0		>420 nm	14.45	144.49999999999997	0.0	0.0	False
10.1016/j.jcat.2018.12.011	neat	0.2	28.9	no base	0.0	CdS	Cd	0	N2	34.6	20.0	0.42	0.0	0.0	0	28.9	144.49999999999997	0.0	0.0	False
10.1016/j.jcat.2018.12.011	neat	0.2	28.9	no base	0.0	MoS2/CdS	Mo	0	N2	1.56	20.0	0.5	0.0	0.0	>420 nm	52.54545454545454	144.49999999999997	0.0	0.0	False
10.1016/j.jcat.2018.12.011	neat	0.2	28.9	no base	0.0	MoS2/CdS	Mo	0	N2	1.56	20.0	1.0	0.0	0.0	>420 nm	14.45	144.49999999999997	0.0	0.0	False
10.1016/j.jcat.2018.12.011	neat	0.2	28.9	no base	0.0	MoS2/CdS	Mo	0	N2	1.56	20.0	3.0	0.0	0.0	>420 nm	14.45	144.49999999999997	0.0	0.0	False
10.1016/j.jcat.2018.12.011	neat	0.2	28.9	no base	0.0	MoS2/CdS	Mo	0	N2	1.56	20.0	6.0	0.0	0.0	>420 nm	14.45	144.49999999999997	0.0	0.0	False
10.1016/j.jcat.2018.12.011	neat	0.2	28.9	no base	0.0	no		0	N2	0.0	20.0	6.0	0.0		>420 nm	14.45	144.49999999999997	0.0	0.0	False
10.1016/j.jcat.2018.12.011	neat	0.2	28.9	no base	0.0	MoS2/CdS	Mo	0	N2	1.56	20.0	6.0	0.0	0.0	0	52.54545454545454	144.49999999999997	0.0	0.0	False
10.1016/j.jcat.2018.12.011	neat	0.2	28.9	no base	0.0	Ni/CdS	Ni	0	N2	3.0	20.0	0.5	0.0	0.0	>420 nm	14.45	144.49999999999997	0.0	0.0	False
10.1016/j.jcat.2018.12.011	neat	0.2	28.9	no base	0.0	Ni/CdS	Ni	0	N2	3.0	20.0	1.0	1.0	0.3333333333333333	>420 nm	14.45	144.49999999999997	0.0	0.0	False
10.1016/j.jcat.2018.12.011	neat	0.2	28.9	no base	0.0	Ni/CdS	Ni	0	N2	3.0	20.0	3.0	39.0	13.0	>420 nm	577.9999999999999	144.49999999999997	0.0	0.0	False
10.1016/j.jcat.2018.12.011	neat	0.2	28.9	no base	0.0	Ni/CdS	Ni	0	N2	3.0	20.0	4.0	57.0	19.0	>420 nm	52.54545454545454	144.49999999999997	0.0	0.0	False
10.1016/j.jcat.2018.12.011	neat	0.2	28.9	no base	0.0	Ni/CdS	Ni	0	N2	3.0	20.0	5.0	56.0	18.666666666666668	>420 nm	28.9	144.49999999999997	0.0	0.0	False
10.1016/j.jcat.2018.12.011	neat	0.2	28.9	no base	0.0	no		0	N2	0.0	20.0	4.0	0.0		>420 nm	9.633333333333333	144.49999999999997	0.0	0.0	False
10.1016/j.jcat.2018.12.011	neat	0.2	28.9	no base	0.0	Ni/CdS	Ni	0	N2	3.0	20.0	4.0	0.0	0.0	0	14.45	144.49999999999997	0.0	0.0	False
10.1016/j.jcat.2020.05.033	MeCN	0.1	3.0	K3PO4	0.2	Pd/MIL-101(Fe)-2MI	Pd	0	N2	0.1	25.0	24.0	85.0	850.0	blue LED (0,75W cm-2)	1.5	30.0	2.0	0.0666666666666666	True
10.1016/j.jcat.2020.05.033	MeCN	0.1	3.0	K3PO4	0.2	MIL-101(Fe)-2MI	Fe	0	N2	0.1	25.0	24.0	0.0	0.0	blue LED (0,75W cm-2)	1.5	30.0	2.0	0.0666666666666666	False
10.1016/j.jcat.2020.05.033	MeCN	0.1	3.0	K3PO4	0.2	no		0	N2	0.0	25.0	24.0	0.0		blue LED (0,75W cm-2)	1.5	30.0	2.0	0.0666666666666666	False
10.1016/j.jcat.2020.05.033	MeCN	0.1	3.0	K3PO4	0.2	Pd/MIL-101(Fe)-2MI	Pd	0	N2	0.1	80.0	24.0	0.0	0.0	0	1.5	30.0	2.0	0.0666666666666666	False
10.1016/j.jcat.2020.05.033	MeCN	0.1	3.0	no base	0.2	Pd/MIL-101(Fe)-2MI	Pd	0	N2	0.1	25.0	24.0	0.0	0.0	blue LED (0,75W cm-2)	3.0	30.0	2.0	0.0666666666666666	False
10.1016/j.jcat.2020.05.033	MeCN	0.1	3.0	K3PO4	0.2	Pd/MIL-101(Fe)-2MI	Pd	0	N2	0.1	25.0	24.0	85.0	850.0	blue LED (0,75W cm-2)	1.5	30.0	2.0	0.0666666666666666	True
10.1016/j.jcat.2020.05.033	MeCN	0.1	3.0	KOH	0.2	Pd/MIL-101(Fe)-2MI	Pd	0	N2	0.1	25.0	24.0	21.0	210.0	blue LED (0,75W cm-2)	3.0	30.0	2.0	0.0666666666666666	False
10.1016/j.jcat.2020.05.033	MeCN	0.1	3.0	K2CO3	0.2	Pd/MIL-101(Fe)-2MI	Pd	0	N2	0.1	25.0	24.0	69.0	690.0	blue LED (0,75W cm-2)	30.0	30.0	2.0	0.0666666666666666	True
10.1016/j.jcat.2020.05.033	MeCN	0.1	3.0	K2HPO4	0.2	Pd/MIL-101(Fe)-2MI	Pd	0	N2	0.1	25.0	24.0	24.0	240.0	blue LED (0,75W cm-2)	0.5836575875486382	30.0	2.0	0.0666666666666666	False
10.1016/j.jcat.2020.05.033	MeCN	0.1	3.0	KHCO3	0.2	Pd/MIL-101(Fe)-2MI	Pd	0	N2	0.1	25.0	24.0	69.0	690.0	blue LED (0,75W cm-2)	5.454545454545454	30.0	2.0	0.0666666666666666	True
10.1016/j.jcat.2020.05.033	MeCN	0.1	3.0	Et3N	0.2	Pd/MIL-101(Fe)-2MI	Pd	0	N2	0.1	25.0	24.0	19.0	190.0	blue LED (0,75W cm-2)	5.454545454545454	30.0	2.0	0.0666666666666666	False
10.1016/j.jcat.2020.05.033	MeCN	0.1	3.0	K3PO4	0.2	Pd/MIL-101(Fe)	Pd	0	N2	0.1	25.0	24.0	37.0	370.0	blue LED (0,75W cm-2)	3.0	30.0	2.0	0.0666666666666666	False
10.1016/j.jcat.2020.05.033	MeCN	0.1	3.0	K3PO4	0.2	Pd/MIL-101(Fe)	Pd	20% 2-MI	N2	0.1	25.0	24.0	36.0	360.0	blue LED (0,75W cm-2)	3.0	30.0	2.0	0.0666666666666666	False
10.1016/j.jcat.2020.05.033	MeCN	0.1	3.0	K3PO4	0.2	Pd/NH2-MIL-101(Fe)	Pd	0	N2	0.1	25.0	24.0	52.0	520.0	blue LED (0,75W cm-2)	6.0	30.0	2.0	0.0666666666666666	False
10.1016/j.jcat.2020.05.033	MeCN	0.1	3.0	K3PO4	0.2	Pd/NH2-MIL-101(Fe)-2MI	Pd	0	N2	0.1	25.0	24.0	86.0	860.0	blue LED (0,75W cm-2)	1.5	30.0	2.0	0.0666666666666666	True
10.1016/j.jcat.2020.05.033	MeCN	0.1	3.0	K3PO4	0.2	Pd/MIL-101(Fe)-2MI(300)	Pd	0	N2	0.1	25.0	24.0	91.0	910.0	blue LED (0,75W cm-2)	1.5	30.0	2.0	0.0666666666666666	True
10.1016/j.jcat.2020.05.033	MeCN	0.1	3.0	K3PO4	0.2	Pd/NH2-MIL-101(Fe)-2MI(300)	Pd	0	N2	0.1	25.0	24.0	96.0	960.0	blue LED (0,75W cm-2)	3.0	30.0	2.0	0.0666666666666666	True
10.1016/j.jcat.2020.05.033	MeCN	0.1	3.0	K3PO4	0.2	Pd/NH2-MIL-101(Fe)-2MI(350)	Pd	0	N2	0.1	25.0	24.0	78.0	780.0	blue LED (0,75W cm-2)	3.0	30.0	2.0	0.0666666666666666	True
10.1021/acs.joc.0c02453	PhMe	0.5	2.0	NaOH	1.5	0		0	Ar	0.0	150.0	12.0	33.0	inf	0	2.0	4.0	3.0	0.75	False
10.1021/acscatal.1c02956	hexane	0.5	3.0	tBuOK	2.5	Mo(NHC3)2(CO)4	Mo	0	inert	5.0	150.0	24.0	80.0	16.0	0	1.5	6.0	5.0	0.8333333333333334	True
10.1021/acs.joc.1c02625	neat	0.4	1.2	K2CO3	0.2	Cp*Ir(N^N)Cl2	Ir	0	Ar	1.0	130.0	10.0	83.0	83.0	0	0.6	3.0	0.5	0.1666666666666666	True
10.1039/C5CP00330J	xylene	1.0	6.0	no base	0.0	no		0	N2	2.2	140.0	19.0	0.0	0.0	0	3.0	6.0	0.0	0.0	False
10.1039/C5CP00330J	xylene	1.0	6.0	Cs2CO3	0.3	no		0	N2	2.2	140.0	19.0	0.0	0.0	0	12.0	6.0	0.3	0.0499999999999999	False
10.1039/C5CP00330J	xylene	1.0	6.0	Cs2CO3	0.3	Al2O3		0	N2	2.2	140.0	19.0	0.0	0.0	0	2.0	6.0	0.3	0.0499999999999999	False
10.1039/C5CP00330J	xylene	1.0	6.0	no base	0.0	Ag/Al2O3	Ag	0	N2	2.2	140.0	19.0	15.0	6.8181818181818175	0	2.0	6.0	0.0	0.0	False
10.1039/C5CP00330J	xylene	1.0	6.0	Na2CO3	0.3	Ag/Al2O3	Ag	0	N2	2.2	140.0	19.0	51.0	23.18181818181818	0	6.0	6.0	0.3	0.0499999999999999	False
10.1039/C5CP00330J	xylene	1.0	6.0	K2CO3	0.3	Ag/Al2O3	Ag	0	N2	2.2	140.0	19.0	91.0	41.36363636363636	0	3.0	6.0	0.3	0.0499999999999999	True
10.1039/C5CP00330J	xylene	1.0	6.0	Cs2CO3	0.3	Ag/Al2O3	Ag	0	air	2.2	140.0	19.0	1.0	0.4545454545454545	0	6.0	6.0	0.3	0.0499999999999999	False
10.1039/C5CP00330J	xylene	1.0	6.0	Cs2CO3	0.3	Ag/Al2O3	Ag	0	N2	2.2	140.0	19.0	98.0	44.54545454545454	0	3.0	6.0	0.3	0.0499999999999999	True
10.1039/C5CP00330J	xylene	1.0	6.0	Cs2CO3	0.3	Au/Al2O3	Au	0	N2	1.1	140.0	19.0	21.0	19.09090909090909	0	6.0	6.0	0.3	0.0499999999999999	False
10.1039/C5CP00330J	xylene	1.0	6.0	Cs2CO3	0.3	Cu/Al2O3	Cu	0	N2	2.2	140.0	19.0	1.0	0.4545454545454545	0	3.0	6.0	0.3	0.0499999999999999	False
10.1039/C5CP00330J	xylene	1.0	6.0	Cs2CO3	0.3	Pd/Al2O3	Pd	0	N2	2.2	140.0	19.0	0.0	0.0	0	2.0	6.0	0.3	0.0499999999999999	False
10.1039/C5CP00330J	xylene	1.0	6.0	Cs2CO3	0.3	Ru/Al2O3	Ru	0	N2	2.2	140.0	19.0	0.0	0.0	0	3.0	6.0	0.3	0.0499999999999999	False
10.1016/j.apcatb.2021.121031	MeCN	0.1	9.6	no base	0.0	Pd@NH2-UiO-66(Zr)	Pd	0	N2	0.0	25.0	24.0	81.0	inf	light irradiation	4.8	96.0	0.0	0.0	True
10.1016/j.apcatb.2021.121031	MeCN	0.1	9.6	no base	0.0	Pd@NH2-UiO-66(Zr)	Pd	0	N2	0.0	25.0	24.0	95.0	inf	30 min light irradiation	96.0	96.0	0.0	0.0	True
10.1016/j.apcatb.2021.121031	MeCN	0.1	1.92	no base	0.0	Pd@NH2-UiO-66(Zr)	Pd	0	N2	0.0	25.0	24.0	85.0	inf	30 min light irradiation	0.96	19.2	0.0	0.0	True
10.1016/j.apcatb.2021.121031	MeCN	0.1	9.6	no base	0.0	Pd@NH2-UiO-66(Zr)	Pd	0	N2	0.0	25.0	24.0	0.0		0	4.8	96.0	0.0	0.0	False
10.1016/j.apcatb.2021.121031	MeCN	0.1	9.6	no base	0.0	0		0	N2	0.0	25.0	24.0	0.0		light irradiation	19.2	96.0	0.0	0.0	False
10.1016/j.apcatb.2021.121031	MeCN	0.1	9.6	no base	0.0	NH2-UiO-66(Zr)		0	N2	0.0	25.0	24.0	0.0		light irradiation	9.6	96.0	0.0	0.0	False
10.1016/j.apcatb.2021.121031	MeCN	0.1	9.6	no base	0.0	Pd/NH2-UiO-66(Zr)	Pd	0	N2	0.0	25.0	24.0	59.0	inf	light irradiation	4.8	96.0	0.0	0.0	False
10.1016/j.ces.2023.118747	MeCN	0.1	0.4	no base	0.0	BMO-SP	Bi	0	N2	0.0	25.0	10.0	0.0		irradiated by a 300 W Xenon lamp (Beijing Perfectlight Technology Co. Ltd., PLSSXE300D) with a 400 nm cut-off filter	0.4	4.0	0.0	0.0	False
10.1016/j.ces.2023.118747	MeCN	0.1	0.4	no base	0.0	BMO-bulk	Bi	0	N2	0.0	25.0	10.0	0.0		irradiated by a 300 W Xenon lamp (Beijing Perfectlight Technology Co. Ltd., PLSSXE300D) with a 400 nm cut-off filter	0.2	4.0	0.0	0.0	False
10.1016/j.ces.2023.118747	MeCN	0.1	0.4	no base	0.0	no		0	N2	0.0	25.0	10.0	0.0		irradiated by a 300 W Xenon lamp (Beijing Perfectlight Technology Co. Ltd., PLSSXE300D) with a 400 nm cut-off filter	0.2	4.0	0.0	0.0	False
10.1016/j.ces.2023.118747	MeCN	0.1	0.4	no base	0.0	BMO-SP	Bi	0	N2	0.0	25.0	10.0	0.0		0	0.0778210116731517	4.0	0.0	0.0	False
10.1016/j.ces.2023.118747	MeCN	0.1	0.4	no base	0.0	BMO-SP	Bi	0	N2	0.0	60.0	10.0	0.0		0	0.2	4.0	0.0	0.0	False
10.1016/j.ces.2023.118747	MeCN	0.1	0.4	no base	0.0	P25	Bi	0	N2	0.0	25.0	10.0	0.0		irradiated by a 300 W Xenon lamp (Beijing Perfectlight Technology Co. Ltd., PLSSXE300D) with a 400 nm cut-off filter	0.2	4.0	0.0	0.0	False
10.1016/j.ces.2023.118747	MeCN	0.1	0.4	no base	0.0	P25	Bi	0	N2	0.0	25.0	10.0	0.0		irradiated by a 300 W Xenon lamp (Beijing Perfectlight Technology Co. Ltd., PLSSXE300D)	0.7272727272727273	4.0	0.0	0.0	False
10.1021/acs.joc.4c00621	m-xylene	0.5	3.0	KOH	0.5	Pd_5	Pd	0	N2	1.0	140.0	24.0	69.0	69.0	0	5.454545454545454	6.0	1.0	0.1666666666666666	True
10.1021/acs.joc.4c00621	PhMe	0.5	3.0	KOH	0.5	Pd_5	Pd	0	N2	1.0	110.0	24.0	71.0	71.0	0	1.5	6.0	1.0	0.1666666666666666	True
10.1021/acs.joc.4c00621	dioxane	0.5	3.0	KOH	0.5	Pd_5	Pd	0	N2	1.0	100.0	24.0	64.0	64.0	0	6.0	6.0	1.0	0.1666666666666666	False
10.1021/acs.joc.4c00621	THF	0.5	3.0	KOH	0.5	Pd_5	Pd	0	N2	1.0	70.0	24.0	60.0	60.0	0	3.0	6.0	1.0	0.1666666666666666	False
10.1021/acs.joc.4c00621	MeCN	0.5	3.0	KOH	0.5	Pd_5	Pd	0	N2	1.0	80.0	24.0	59.0	59.0	0	3.0	6.0	1.0	0.1666666666666666	False
10.1021/acs.joc.4c00621	DMF	0.5	3.0	KOH	0.5	Pd_5	Pd	0	N2	1.0	140.0	24.0	67.0	67.0	0	1.5	6.0	1.0	0.1666666666666666	True
10.1021/acs.joc.4c00621	EtOH	0.5	3.0	KOH	0.5	Pd_5	Pd	0	N2	1.0	110.0	24.0	51.0	51.0	0	1.5	6.0	1.0	0.1666666666666666	False
10.1021/acs.joc.4c00621	PhMe	0.5	3.0	NaOH	0.5	Pd_5	Pd	0	N2	1.0	110.0	24.0	65.0	65.0	0	5.454545454545454	6.0	1.0	0.1666666666666666	False
10.1021/acs.joc.4c00621	PhMe	0.5	3.0	Na2CO3	0.5	Pd_5	Pd	0	N2	1.0	110.0	24.0	55.0	55.0	0	3.0	6.0	1.0	0.1666666666666666	False
10.1021/acs.joc.4c00621	PhMe	0.5	3.0	K2CO3	0.5	Pd_5	Pd	0	N2	1.0	110.0	24.0	58.0	58.0	0	3.0	6.0	1.0	0.1666666666666666	False
10.1021/acs.joc.4c00621	PhMe	0.5	3.0	Cs2CO3	0.5	Pd_5	Pd	0	N2	1.0	110.0	24.0	62.0	62.0	0	1.5	6.0	1.0	0.1666666666666666	False
10.1021/acs.joc.4c00621	PhMe	0.5	3.0	tBuOK	0.5	Pd_5	Pd	0	N2	1.0	110.0	24.0	81.0	81.0	0	1.5	6.0	1.0	0.1666666666666666	True
10.1021/acs.joc.4c00621	PhMe	0.5	3.0	tBuOK	0.5	Pd_5	Pd	0	N2	1.0	110.0	20.0	80.0	80.0	0	1.5	6.0	1.0	0.1666666666666666	True
10.1021/acs.joc.4c00621	PhMe	0.5	3.0	tBuOK	0.5	Pd_5	Pd	0	N2	1.0	110.0	16.0	79.0	79.0	0	1.5	6.0	1.0	0.1666666666666666	True
10.1021/acs.joc.4c00621	PhMe	0.5	3.0	tBuOK	0.5	Pd_5	Pd	0	N2	1.0	110.0	12.0	63.0	63.0	0	1.5	6.0	1.0	0.1666666666666666	False
10.1021/acs.joc.4c00621	PhMe	0.5	3.0	tBuOK	0.5	Pd_5	Pd	0	N2	1.0	110.0	8.0	43.0	43.0	0	1.5	6.0	1.0	0.1666666666666666	False
10.1021/acs.joc.4c00621	PhMe	0.5	3.0	no base	0.0	Pd_5	Pd	0	N2	1.0	110.0	16.0	0.0	0.0	0	1.0	6.0	0.0	0.0	False
10.1021/acs.joc.4c00621	PhMe	0.5	3.0	tBuOK	0.5	no		0	N2	1.0	110.0	16.0	10.0	10.0	0	30.0	6.0	1.0	0.1666666666666666	False
10.1021/acs.joc.4c00621	PhMe	0.5	3.0	tBuOK	0.5	Pd_4	Pd	0	N2	1.0	110.0	16.0	83.0	83.0	0	30.0	6.0	1.0	0.1666666666666666	True
10.1021/acs.joc.4c00621	PhMe	0.5	3.0	tBuOK	0.5	Pd_3	Pd	0	N2	1.0	110.0	16.0	87.0	87.0	0	3.0	6.0	1.0	0.1666666666666666	True
10.1021/acs.joc.4c00621	PhMe	0.5	3.0	tBuOK	0.5	Pd_3	Pd	0	N2	0.5	110.0	16.0	40.0	80.0	0	5.454545454545454	6.0	1.0	0.1666666666666666	False
10.1021/acs.joc.4c00621	PhMe	0.5	3.0	tBuOK	0.5	Pd_3	Pd	0	N2	0.25	110.0	16.0	24.0	96.0	0	3.0	6.0	1.0	0.1666666666666666	False
10.1021/acs.joc.4c00621	PhMe	0.5	3.0	tBuOK	0.5	Pd_3	Pd	0	N2	1.5	110.0	16.0	89.0	59.333333333333336	0	1.5	6.0	1.0	0.1666666666666666	True
10.1021/acs.joc.4c00621	PhMe	0.5	3.0	tBuOK	0.5	[PdCl2(PPh3)2]	Pd	0	N2	1.0	110.0	16.0	38.0	38.0	0	3.0	6.0	1.0	0.1666666666666666	False
10.1021/acs.joc.4c00621	PhMe	0.5	3.0	tBuOK	0.5	[Pd(PPh3)4	Pd	0	N2	1.0	110.0	16.0	41.0	41.0	0	1.5	6.0	1.0	0.1666666666666666	False
10.1021/acs.joc.4c00621	PhMe	0.5	3.0	tBuOK	0.5	[Pd(OAc)2]	Pd	0	N2	1.0	110.0	16.0	32.0	32.0	0	1.5	6.0	1.0	0.1666666666666666	False
10.1021/acs.joc.4c00621	PhMe	0.5	3.0	tBuOK	0.5	PdCl2	Pd	0	N2	1.0	110.0	16.0	34.0	34.0	0	3.0	6.0	1.0	0.1666666666666666	False
